<?xml version="1.0" encoding="utf-8"?>
<eml:eml xmlns:eml="eml://ecoinformatics.org/eml-2.1.1" xmlns:xsi="http://www.w3.org/2001/XMLSchema-instance"
         xsi:schemaLocation="eml://ecoinformatics.org/eml-2.1.1 http://rs.gbif.org/schema/eml-gbif-profile/1.2/eml.xsd"
packageId="166db736-ab3e-4e33-b766-96bbbb7f6b4a"  system="http://gbif.org" scope="system"
xml:lang="pt">

    <dataset>
            <alternateIdentifier>10.15468/yd42ud</alternateIdentifier>
                <alternateIdentifier>166db736-ab3e-4e33-b766-96bbbb7f6b4a</alternateIdentifier>
                <alternateIdentifier>http://ipt1.cria.org.br/ipt/resource?r=botuw</alternateIdentifier>
        <title>BOTUw - Xiloteca &quot;Profa. Dra. Maria Aparecida Mourão Brasil&quot;</title>
            <creator>
            <individualName>
<givenName>Carmen</givenName>                    <surName>Regina Marcati</surName>
            </individualName>
<organizationName>Instituto de Biociências - Universidade Estadual Paulista - Campus de Botucatu (UNESP-IBB)</organizationName><positionName>Curador</positionName>            <address>
<deliveryPoint>Fazenda Experimental Lageado s/n.</deliveryPoint><city>Botucatu</city><administrativeArea>São Paulo</administrativeArea><postalCode>18603-970</postalCode><country>BRAZIL</country>            </address>
<phone>+55 14 3811-7168</phone><electronicMailAddress>carmen@fca.unesp.br</electronicMailAddress><onlineUrl>http://splink.cria.org.br/manager/detail?resource=BOTUw</onlineUrl>            </creator>
            <metadataProvider>
            <individualName>
<givenName>Carmen</givenName>                    <surName>Regina Marcati</surName>
            </individualName>
<organizationName>Instituto de Biociências - Universidade Estadual Paulista - Campus de Botucatu (UNESP-IBB)</organizationName><positionName>Curador</positionName>            <address>
<deliveryPoint>Fazenda Experimental Lageado s/n.</deliveryPoint><city>Botucatu</city><administrativeArea>São Paulo</administrativeArea><postalCode>18603-970</postalCode><country>BRAZIL</country>            </address>
<phone>+55 14 3811-7168</phone><electronicMailAddress>carmen@fca.unesp.br</electronicMailAddress><onlineUrl>http://splink.cria.org.br/manager/detail?resource=BOTUw</onlineUrl>            </metadataProvider>
            <associatedParty>
            <individualName>
                    <surName>speciesLink Network</surName>
            </individualName>
<organizationName>Centro de Referência em Informação Ambiental, CRIA</organizationName><positionName>Network</positionName>            <address>
<deliveryPoint>Av. Dr. Romeu Tórtima, 388</deliveryPoint><city>Campinas</city><administrativeArea>São Paulo</administrativeArea><postalCode>13084-791</postalCode><country>BRAZIL</country>            </address>
<phone>+55 19 3288-0466</phone><electronicMailAddress>splink@cria.org.br</electronicMailAddress><onlineUrl>http://splink.cria.org.br</onlineUrl>            <role>CUSTODIAN_STEWARD</role>
            </associatedParty>
            <pubDate>
                2023-11-26
            </pubDate>
        <language>PORTUGUESE</language>
            <abstract>
                    <para>A Xiloteca &amp;#34;Profa Dra Maria Aparecida Mourão Brasil&amp;#34; (BOTUw), localizada na UNESP, Campus de Botucatu, tem como principal finalidade apoiar estudos científicos em madeiras. É fonte importante de informações para o pesquisador, fornecendo possibilidades de identificação e resgate de dados sobre procedência, coletores, local onde estão depositadas as exsicatas e outras informações que auxíliam o pesquisador em seus estudos. A coleção consiste de doações recebidas de diferentes xilotecas de todo o mundo (USDA-Forest Service, EUA; Swiss Federal Institute of Techonology Zurich, Suíça; Centre Technique Forestier Tropical, França; Instituut voor Systematische Plantkunde, Rijksuniversiteit Utrecht, Holanda; Instituto de Ecologia, México;; Royal Botanic Gardens, Kew, Inglaterra; Museo di Storia Naturale del Museo Botânico, Universita Degli Studi di Firenze, Istituto per la Ricerca Sul Legno, Firenze, Itália; Instituto Nacional de Pesquisas da Amazônia e Reserva Natural de Linhares, Brasil) como também amostras de espécies do cerrado da região centro-oeste do estado de São Paulo. Contém mais de 2.400 amostras de madeiras (cerca de 570 gêneros que estão incluídos em 126 famílias), com ênfase nas espécies de regiões tropicais. A partir de 2004 sistematizamos as coletas e incluímos periodicamente amostras de espécies lenhosas de vários habitat, principalmente do cerrado do estado de São Paulo. Tivemos o apoio financeiro da Fapesp em vários projetos (Processos 00/12469-3, 05/59499-8, 09/17778-9). A coleção está organizada em armários de aço por ordem de família. As amostras provenientes de doações têm suas respectivas exsicatas nos herbários dos Institutos de origem e as amostras coletadas na região de Botucatu têm suas exsicatas depositadas no Herbário &amp;#34;Irina D. Gemtchujnicov&amp;#34; (BOTU) da UNESP, Campus de Botucatu.</para>
            </abstract>
                <keywordSet>
                        <keyword>Occurrence</keyword>
                        <keywordThesaurus>GBIF Dataset Type Vocabulary: http://rs.gbif.org/vocabulary/gbif/dataset_type.xml</keywordThesaurus>
                </keywordSet>
                <keywordSet>
                        <keyword>Specimen</keyword>
                        <keywordThesaurus>GBIF Dataset Subtype Vocabulary: http://rs.gbif.org/vocabulary/gbif/dataset_subtype.xml</keywordThesaurus>
                </keywordSet>
                <keywordSet>
                        <keyword>Occurrence</keyword>
                        <keywordThesaurus>GBIF Dataset Type Vocabulary: http://rs.gbif.org/vocabulary/gbif/dataset_type_2015-07-10.xml</keywordThesaurus>
                </keywordSet>
            <intellectualRights>
                    <para>This work is licensed under a <ulink url="http://creativecommons.org/licenses/by-nc/4.0/legalcode"><citetitle>Creative Commons Attribution Non Commercial (CC-BY-NC) 4.0 License</citetitle></ulink>.</para>
            </intellectualRights>
            <distribution scope="document">
                <online>
                    <url function="information">http://splink.cria.org.br/manager/detail?resource=BOTUw</url>
                </online>
            </distribution>
            <coverage>
                    <geographicCoverage>
                            <geographicDescription>Predominantemente Brasil</geographicDescription>
                            <boundingCoordinates>
                                <westBoundingCoordinate>-74</westBoundingCoordinate>
                                <eastBoundingCoordinate>-30</eastBoundingCoordinate>
                                <northBoundingCoordinate>5.27</northBoundingCoordinate>
                                <southBoundingCoordinate>-33.75</southBoundingCoordinate>
                            </boundingCoordinates>
                    </geographicCoverage>
                        <taxonomicCoverage>
                                <taxonomicClassification>
                                        <taxonRankName>Kingdom</taxonRankName>
                                    <taxonRankValue>Plantae</taxonRankValue>
                                </taxonomicClassification>
                        </taxonomicCoverage>
            </coverage>
            <maintenance>
                <description>
                    <para></para>
                </description>
                <maintenanceUpdateFrequency>monthly</maintenanceUpdateFrequency>
            </maintenance>
            <contact>
            <individualName>
<givenName>Carmen</givenName>                    <surName>Regina Marcati</surName>
            </individualName>
<organizationName>Instituto de Biociências - Universidade Estadual Paulista - Campus de Botucatu (UNESP-IBB)</organizationName><positionName>Curador</positionName>            <address>
<deliveryPoint>Fazenda Experimental Lageado s/n.</deliveryPoint><city>Botucatu</city><administrativeArea>São Paulo</administrativeArea><postalCode>18603-970</postalCode><country>BRAZIL</country>            </address>
<phone>+55 14 3811-7168</phone><electronicMailAddress>carmen@fca.unesp.br</electronicMailAddress><onlineUrl>http://splink.cria.org.br/manager/detail?resource=BOTUw</onlineUrl>            </contact>
            <methods>
                    <methodStep>
                        <description>
                            <para></para>
                        </description>
                    </methodStep>
            </methods>

            <project >
                <title>INCT - Herbário Virtual da Flora e dos Fungos</title>
                    <personnel>
            <individualName>
<givenName>Leonor</givenName>                    <surName>Costa Maia</surName>
            </individualName>
            <role>DISTRIBUTOR</role>
                    </personnel>
                <abstract>
                    <para>O Instituto Nacional de Ciência e Tecnologia, INCT - Herbário Virtual da Flora e dos Fungos, financiado pelo Conselho Nacional de Desenvolvimento Científico e Tecnológico, CNPq, visa prover à sociedade, ao poder público e à comunidade científica infraestrutura de dados de acesso público e aberto integrando informações de acervos dos herbários do país e repatriando dados sobre coletas realizadas em solo brasileiro depositadas no exterior</para>
                </abstract>
                <funding>
                    <para>Conselho Nacional de Desenvolvimento Científico e Tecnológico, CNPq</para>
                </funding>
                    <studyAreaDescription>
                        <descriptor name="generic" citableClassificationSystem="false">
                            <descriptorValue>Ocorrência de espécies de plantas e fungos no Brasil</descriptorValue>
                        </descriptor>
                    </studyAreaDescription>
            </project>
    </dataset>

    <additionalMetadata>
        <metadata>
            <gbif>
                <dateStamp>2023-12-07T16:57:49Z</dateStamp>
                <citation identifier="  http://splink.cria.org.br/manager/detail?resource=BOTUw">Regina Marcati C (2023). BOTUw - Xiloteca &quot;Profa. Dra. Maria Aparecida Mourão Brasil&quot;. Version 1.101. Universidade Estadual Paulista - IBB. Occurrence dataset https://doi.org/10.15468/yd42ud accessed via GBIF.org on 2023-12-07.</citation>
                    <resourceLogoUrl>http://ipt1.cria.org.br/ipt/logo.do?r=botuw</resourceLogoUrl>
            </gbif>
        </metadata>
    </additionalMetadata>

</eml:eml>
