<?xml version="1.0" encoding="utf-8"?>
<eml:eml xmlns:eml="eml://ecoinformatics.org/eml-2.1.1" xmlns:xsi="http://www.w3.org/2001/XMLSchema-instance"
         xsi:schemaLocation="eml://ecoinformatics.org/eml-2.1.1 http://rs.gbif.org/schema/eml-gbif-profile/1.2/eml.xsd"
packageId="21a0cb45-f0ec-4901-a868-cd45abe74601"  system="http://gbif.org" scope="system"
xml:lang="en">

    <dataset>
            <alternateIdentifier>10.15468/wwlmir</alternateIdentifier>
                <alternateIdentifier>21a0cb45-f0ec-4901-a868-cd45abe74601</alternateIdentifier>
                <alternateIdentifier>http://ipt.nature.ca/resource?r=cmn_palynology</alternateIdentifier>
        <title>Canadian Museum of Nature Palynology Collection</title>
            <creator>
            <individualName>
<givenName>Kieran</givenName>                    <surName>Shepherd</surName>
            </individualName>
<organizationName>Canadian Museum of Nature</organizationName><positionName>Curator, Palaeobiology</positionName>            <address>
<city>Ottawa</city><administrativeArea>Ontario</administrativeArea><country>CANADA</country>            </address>
<phone>1-613-364-4054</phone><electronicMailAddress>kshepherd@nature.ca</electronicMailAddress>            </creator>
            <metadataProvider>
            <individualName>
<givenName>Kieran</givenName>                    <surName>Shepherd</surName>
            </individualName>
<organizationName>Canadian Museum of Nature</organizationName><positionName>Curator, Palaeobiology</positionName>            <address>
<city>Ottawa</city><administrativeArea>Ontario</administrativeArea><country>CANADA</country>            </address>
<phone>1-613-364-4054</phone><electronicMailAddress>kshepherd@nature.ca</electronicMailAddress>            </metadataProvider>
            <metadataProvider>
            <individualName>
<givenName>John</givenName>                    <surName>Torgersen</surName>
            </individualName>
<organizationName>Canadian Museum of Nature</organizationName><positionName>Assistant Collections Information Manager</positionName>            <address>
<city>Ottawa</city><administrativeArea>Ontario</administrativeArea><country>CANADA</country>            </address>
<electronicMailAddress>jtorgersen@nature.ca</electronicMailAddress>            </metadataProvider>
            <associatedParty>
            <individualName>
<givenName>Kieran</givenName>                    <surName>Shepherd</surName>
            </individualName>
<organizationName>Canadian Museum of Nature</organizationName><positionName>Curator, Palaeobiology</positionName>            <address>
<city>Ottawa</city><administrativeArea>Ontario</administrativeArea><country>CANADA</country>            </address>
<phone>1-613-364-4054</phone><electronicMailAddress>kshepherd@nature.ca</electronicMailAddress>            <role>CURATOR</role>
            </associatedParty>
            <associatedParty>
            <individualName>
<givenName>Kieran</givenName>                    <surName>Shepherd</surName>
            </individualName>
<organizationName>Canadian Museum of Nature</organizationName><positionName>Curator, Palaeobiology</positionName>            <address>
<city>Ottawa</city><administrativeArea>Ontario</administrativeArea><country>CANADA</country>            </address>
<phone>1-613-364-4054</phone><electronicMailAddress>kshepherd@nature.ca</electronicMailAddress>            <role>POINT_OF_CONTACT</role>
            </associatedParty>
            <pubDate>
                2023-08-31
            </pubDate>
        <language>ENGLISH</language>
            <abstract>
                    <para>Our Fossil Pollen Collection consists of 72 070 fossil pollen and spore specimens and modern reference specimens in about 14 570 lots. It is one of the few palynology collections in Canada.</para>
            </abstract>
                <keywordSet>
                        <keyword>Occurrence</keyword>
                        <keywordThesaurus>GBIF Dataset Type Vocabulary: http://rs.gbif.org/vocabulary/gbif/dataset_type.xml</keywordThesaurus>
                </keywordSet>
                <keywordSet>
                        <keyword>Specimen</keyword>
                        <keywordThesaurus>GBIF Dataset Subtype Vocabulary: http://rs.gbif.org/vocabulary/gbif/dataset_subtype.xml</keywordThesaurus>
                </keywordSet>
                <keywordSet>
                        <keyword>Occurrence</keyword>
                        <keywordThesaurus>GBIF Dataset Type Vocabulary: http://rs.gbif.org/vocabulary/gbif/dataset_type_2015-07-10.xml</keywordThesaurus>
                </keywordSet>
            <intellectualRights>
                    <para>This work is licensed under a <ulink url="http://creativecommons.org/licenses/by/4.0/legalcode"><citetitle>Creative Commons Attribution (CC-BY) 4.0 License</citetitle></ulink>.</para>
            </intellectualRights>
            <distribution scope="document">
                <online>
                    <url function="information">https://nature.ca/en/research-collections/collections</url>
                </online>
            </distribution>
            <maintenance>
                <description>
                    <para></para>
                </description>
                <maintenanceUpdateFrequency>asNeeded</maintenanceUpdateFrequency>
            </maintenance>
            <contact>
            <individualName>
<givenName>Kieran</givenName>                    <surName>Shepherd</surName>
            </individualName>
<organizationName>Canadian Museum of Nature</organizationName><positionName>Curator, Palaeobiology</positionName>            <address>
<city>Ottawa</city><administrativeArea>Ontario</administrativeArea><country>CANADA</country>            </address>
<phone>1-613-364-4054</phone><electronicMailAddress>kshepherd@nature.ca</electronicMailAddress>            </contact>
            <contact>
            <individualName>
<givenName>Margaret</givenName>                    <surName>Currie</surName>
            </individualName>
<organizationName>Canadian Museum of Nature</organizationName><positionName>Collection Technician</positionName>            <address>
<city>Ottawa</city><administrativeArea>Ontario</administrativeArea><country>CANADA</country>            </address>
<phone>1-613-566-4251</phone><electronicMailAddress>mcurrie@nature.ca</electronicMailAddress>            </contact>

    </dataset>

    <additionalMetadata>
        <metadata>
            <gbif>
                <dateStamp>2023-12-07T16:57:50Z</dateStamp>
                <citation>Shepherd K, Torgersen J (2023). Canadian Museum of Nature Palynology Collection. Version 1.26. Canadian Museum of Nature. Occurrence dataset https://doi.org/10.15468/wwlmir accessed via GBIF.org on 2023-12-07.</citation>
                    <resourceLogoUrl>http://ipt.nature.ca/logo.do?r=cmn_palynology</resourceLogoUrl>
            </gbif>
        </metadata>
    </additionalMetadata>

</eml:eml>
