<?xml version="1.0" encoding="utf-8"?>
<eml:eml xmlns:eml="eml://ecoinformatics.org/eml-2.1.1" xmlns:xsi="http://www.w3.org/2001/XMLSchema-instance"
         xsi:schemaLocation="eml://ecoinformatics.org/eml-2.1.1 http://rs.gbif.org/schema/eml-gbif-profile/1.2/eml.xsd"
packageId="47fa2879-2a40-4c2f-9250-5bd9655c50c8"  system="http://gbif.org" scope="system"
xml:lang="en">

    <dataset>
            <alternateIdentifier>10.15468/u6xvfy</alternateIdentifier>
                <alternateIdentifier>https://swbiodiversity.org/seinet/collections/misc/collprofiles.php?collid=507</alternateIdentifier>
        <title>US Forest Service - Tonto National Forest</title>
            <creator>
<organizationName>SEINet Portal Network</organizationName><electronicMailAddress>seinetAdmin@asu.edu</electronicMailAddress><onlineUrl>https://swbiodiversity.org/seinet/index.php</onlineUrl>            </creator>
            <metadataProvider>
<organizationName>SEINet Portal Network</organizationName><electronicMailAddress>seinetAdmin@asu.edu</electronicMailAddress><onlineUrl>https://swbiodiversity.org/seinet/index.php</onlineUrl>            </metadataProvider>
            <associatedParty>
            <individualName>
<givenName>Robert</givenName>                    <surName>Madera</surName>
            </individualName>
<positionName>Curator</positionName><electronicMailAddress>robert.madera@usda.gov</electronicMailAddress>            <role>CONTENT_PROVIDER</role>
            </associatedParty>
            <pubDate>
                2023-12-05
            </pubDate>
        <language>ENGLISH</language>
            <intellectualRights>
                    <para>This work is licensed under a <ulink url="http://creativecommons.org/licenses/by/4.0/legalcode"><citetitle>Creative Commons Attribution (CC-BY) 4.0 License</citetitle></ulink>.</para>
            </intellectualRights>
            <contact>
<organizationName>US Forest Service - Tonto National Forest</organizationName><electronicMailAddress>robert.madera@usda.gov</electronicMailAddress><onlineUrl>http://www.fs.fed.us/r3/</onlineUrl>            </contact>

    </dataset>

    <additionalMetadata>
        <metadata>
            <gbif>
                <dateStamp>2023-12-07T16:57:52Z</dateStamp>
                <citation>USDA Forest Service (FS) (2023). US Forest Service - Tonto National Forest. Occurrence dataset https://doi.org/10.15468/u6xvfy accessed via GBIF.org on 2023-12-07.</citation>
            </gbif>
        </metadata>
    </additionalMetadata>

</eml:eml>
