<?xml version="1.0" encoding="utf-8"?>
<eml:eml xmlns:eml="eml://ecoinformatics.org/eml-2.1.1" xmlns:xsi="http://www.w3.org/2001/XMLSchema-instance"
         xsi:schemaLocation="eml://ecoinformatics.org/eml-2.1.1 http://rs.gbif.org/schema/eml-gbif-profile/1.2/eml.xsd"
packageId="51b92d4e-556f-4a05-bc5c-bfe982ee1156"  system="http://gbif.org" scope="system"
xml:lang="en">

    <dataset>
            <alternateIdentifier>10.15468/loyiz6</alternateIdentifier>
                <alternateIdentifier>1412</alternateIdentifier>
        <title>UCBG TAPIR Provider</title>
            <associatedParty>
            <individualName>
                    <surName>John Deck</surName>
            </individualName>
<positionName>[system administrator]</positionName><electronicMailAddress>jdeck@berkeley.edu</electronicMailAddress>            </associatedParty>
        <language>en</language>
            <abstract>
                    <para>UCBG TAPIR Provider</para>
            </abstract>
            <intellectualRights>
                    <para>This work is licensed under a <ulink url="http://creativecommons.org/licenses/by/4.0/legalcode"><citetitle>Creative Commons Attribution (CC-BY) 4.0 License</citetitle></ulink>.</para>
            </intellectualRights>
            <distribution scope="document">
                <online>
                    <url function="information">http://tapirlink.berkeley.edu/tapir.php/UCBG</url>
                </online>
            </distribution>

    </dataset>

    <additionalMetadata>
        <metadata>
            <gbif>
                <dateStamp>2023-12-07T16:57:41Z</dateStamp>
                <citation>Berkeley Natural History Museums. UCBG TAPIR Provider. Occurrence dataset https://doi.org/10.15468/loyiz6 accessed via GBIF.org on 2023-12-07.</citation>
            </gbif>
        </metadata>
    </additionalMetadata>

</eml:eml>
