<?xml version="1.0" encoding="utf-8"?>
<eml:eml xmlns:eml="eml://ecoinformatics.org/eml-2.1.1" xmlns:xsi="http://www.w3.org/2001/XMLSchema-instance"
         xsi:schemaLocation="eml://ecoinformatics.org/eml-2.1.1 http://rs.gbif.org/schema/eml-gbif-profile/1.2/eml.xsd"
packageId="68513375-3aa5-4f6f-9975-d97d56c21d61"  system="http://gbif.org" scope="system"
xml:lang="en">

    <dataset>
            <alternateIdentifier>10.15468/eol0pe</alternateIdentifier>
                <alternateIdentifier>b38a08e6-6763-4520-a234-a491c52add6b</alternateIdentifier>
                <alternateIdentifier>99b6c2df-3659-47db-a8d7-632ee20e3be3</alternateIdentifier>
                <alternateIdentifier>6defd3d9-c1e9-4295-ab2a-ed6b6c13ccf2</alternateIdentifier>
                <alternateIdentifier>13517</alternateIdentifier>
        <title>Illinois Natural History Survey Insect Collection</title>
            <creator>
            <individualName>
<givenName>Thomas</givenName>                    <surName>McElrath</surName>
            </individualName>
<organizationName>University of Illinois at Urbana-Champaign, Illinois Natural History Survey</organizationName><electronicMailAddress>monotomidae@gmail.com</electronicMailAddress><onlineUrl>https://directory.illinois.edu/detail?userId=tcm@illinois.edu</onlineUrl>            </creator>
            <metadataProvider>
<organizationName>University of Illinois at Urbana-Champaign, Illinois Natural History Survey</organizationName><onlineUrl>https://inhs.illinois.edu/</onlineUrl>            </metadataProvider>
            <associatedParty>
            <individualName>
<givenName>Christopher</givenName>                    <surName>Dietrich</surName>
            </individualName>
<electronicMailAddress>chdietri@illinois.edu</electronicMailAddress><onlineUrl>https://directory.illinois.edu/detail?userId=chdietri@illinois.edu</onlineUrl>            <role>AUTHOR</role>
            </associatedParty>
            <associatedParty>
            <individualName>
<givenName>Dmitry</givenName>                    <surName>Dmitriev</surName>
            </individualName>
<electronicMailAddress>arboridia@gmail.com</electronicMailAddress><onlineUrl>http://dmitriev.speciesfile.org/</onlineUrl>            <role>AUTHOR</role>
            </associatedParty>
            <associatedParty>
            <individualName>
<givenName>Thomas</givenName>                    <surName>McElrath</surName>
            </individualName>
<electronicMailAddress>monotomidae@gmail.com</electronicMailAddress><onlineUrl>https://directory.illinois.edu/detail?userId=tcm@illinois.edu</onlineUrl>            <role>AUTHOR</role>
            </associatedParty>
            <associatedParty>
            <individualName>
<givenName>R. Edward</givenName>                    <surName>DeWalt</surName>
            </individualName>
<organizationName>University of Illinois at Urbana-Champaign, Illinois Natural History Survey</organizationName><electronicMailAddress>dewalt@illinois.edu</electronicMailAddress><onlineUrl>https://directory.illinois.edu/detail?userId=tcm@illinois.edu</onlineUrl>            <role>AUTHOR</role>
            </associatedParty>
            <associatedParty>
            <individualName>
<givenName>Matthew</givenName>                    <surName>Yoder</surName>
            </individualName>
<organizationName>University of Illinois at Urbana-Champaign, Illinois Natural History Survey</organizationName><electronicMailAddress>mjyoder@illinois.edu</electronicMailAddress><onlineUrl>https://directory.illinois.edu/detail?userId=mjyoder@illinois.edu</onlineUrl>            <role>AUTHOR</role>
            </associatedParty>
            <pubDate>
                2023-06-05
            </pubDate>
        <language>ENGLISH</language>
            <abstract>
                    <para>The INHS Insect Collection, which comprises ca. 7 million prepared specimens as well as noninsect arthropods (e.g., arachnids and myriapods) and miscellaneous invertebrates (bryozoans), is one of the largest and oldest entomological collections in North America. The growth and wide-ranging scope of this collection can be credited to the diverse interests of the systematists who have spent all or part of their career at the Survey. Scientists such as Stephen A. Forbes, the first Director of the State Laboratory and Chief of the Natural History Survey; Theodore Frison, who succeeded Forbes; and H. H. Ross, who directed the intense systematics studies of the faunistic section for 40 years, placed considerable emphasis on enlarging the insect collection. These insects document the changing landscape and environmental conditions of the world.</para>
                    <para>The INHS Insect Collection is one of the largest in North America. The most recent comprehensive size estimate was done in 1992. The heavy concentration of specimens from the last third of the 1800s also makes this one of North America&amp;#39;s oldest insect and related arthropod collections.</para>
                    <para>The INHS Insect Collection includes more than &amp;gt;3,932 primary and &amp;gt;21,124 secondary type specimens. Because of size, historical holdings, and wide breadth of coverage in certain groups, the collection is an important national and worldwide resource.</para>
            </abstract>
            <intellectualRights>
                    <para>This work is licensed under a <ulink url="http://creativecommons.org/licenses/by/4.0/legalcode"><citetitle>Creative Commons Attribution (CC-BY) 4.0 License</citetitle></ulink>.</para>
            </intellectualRights>
            <contact>
            <individualName>
<givenName>Thomas</givenName>                    <surName>McElrath</surName>
            </individualName>
<organizationName>University of Illinois at Urbana-Champaign, Illinois Natural History Survey</organizationName>            <address>
<deliveryPoint>1816 S. Oak St.</deliveryPoint><city>Champaign</city><administrativeArea>Illinois</administrativeArea><postalCode>61820</postalCode><country>UNITED_STATES</country>            </address>
<electronicMailAddress>monotomidae@gmail.com</electronicMailAddress><onlineUrl>https://directory.illinois.edu/detail?userId=tcm@illinois.edu</onlineUrl>            </contact>

    </dataset>

    <additionalMetadata>
        <metadata>
            <gbif>
                <dateStamp>2023-12-07T16:57:33Z</dateStamp>
                <citation identifier="Identifier STUB">McElrath T (2023). Illinois Natural History Survey Insect Collection. Illinois Natural History Survey. Occurrence dataset https://doi.org/10.15468/eol0pe accessed via GBIF.org on 2023-12-07.</citation>
                    <resourceLogoUrl>https://marketing.illinois.edu/app/uploads/2021/09/logo-internal-collaboration-1024x423.png</resourceLogoUrl>
                    <livingTimePeriod>Extant</livingTimePeriod>
            </gbif>
        </metadata>
    </additionalMetadata>

</eml:eml>
