<?xml version="1.0" encoding="utf-8"?>
<eml:eml xmlns:eml="eml://ecoinformatics.org/eml-2.1.1" xmlns:xsi="http://www.w3.org/2001/XMLSchema-instance"
         xsi:schemaLocation="eml://ecoinformatics.org/eml-2.1.1 http://rs.gbif.org/schema/eml-gbif-profile/1.2/eml.xsd"
packageId="84ab7b76-f762-11e1-a439-00145eb45e9a"  system="http://gbif.org" scope="system"
xml:lang="en">

    <dataset>
            <alternateIdentifier>10.15468/efb17f</alternateIdentifier>
                <alternateIdentifier>http://xbiod.osu.edu/ipt/resource.do?r=osuc</alternateIdentifier>
                <alternateIdentifier>http://hymfiles.biosci.ohio-state.edu:8080/ipt/resource.do?r=osuc</alternateIdentifier>
                <alternateIdentifier>84ab7b76-f762-11e1-a439-00145eb45e9a</alternateIdentifier>
                <alternateIdentifier>625</alternateIdentifier>
        <title>C.A. Triplehorn Insect Collection (OSUC), Ohio State University</title>
            <creator>
            <individualName>
<givenName>Norman</givenName>                    <surName>Johnson</surName>
            </individualName>
<organizationName>Ohio State University</organizationName><positionName>Director, Professor</positionName><electronicMailAddress>johnson.2@osu.edu</electronicMailAddress><onlineUrl>http://wasps.osu.edu</onlineUrl>            </creator>
            <metadataProvider>
            <individualName>
<givenName>Joe</givenName>                    <surName>Cora</surName>
            </individualName>
<organizationName>Ohio State University</organizationName><positionName>Biodiversity Informatics Manager</positionName><electronicMailAddress>cora.1@osu.edu</electronicMailAddress>            </metadataProvider>
            <associatedParty>
            <individualName>
<givenName>Luciana</givenName>                    <surName>Musetti</surName>
            </individualName>
<organizationName>Ohio State University</organizationName><positionName>Curator</positionName><electronicMailAddress>musetti.2@osu.edu</electronicMailAddress><onlineUrl>http://osuc.osu.edu</onlineUrl>            <role>CURATOR</role>
            </associatedParty>
        <language>ENGLISH</language>
            <intellectualRights>
                    <para>This work is licensed under a <ulink url="http://creativecommons.org/licenses/by/4.0/legalcode"><citetitle>Creative Commons Attribution (CC-BY) 4.0 License</citetitle></ulink>.</para>
            </intellectualRights>
            <contact>
            <individualName>
<givenName>Sara</givenName>                    <surName>Hemly</surName>
            </individualName>
<organizationName>Ohio State University</organizationName><positionName>Curatorial Technician</positionName><electronicMailAddress>hemly.1@osu.edu</electronicMailAddress>            </contact>
            <contact>
            <individualName>
<givenName>Joe</givenName>                    <surName>Cora</surName>
            </individualName>
<organizationName>Ohio State University</organizationName><positionName>Biodiversity Informatics Manager</positionName><electronicMailAddress>cora.1@osu.edu</electronicMailAddress>            </contact>

    </dataset>

    <additionalMetadata>
        <metadata>
            <gbif>
                <dateStamp>2023-12-07T16:57:36Z</dateStamp>
                <citation>Johnson N, Cora J. C.A. Triplehorn Insect Collection (OSUC), Ohio State University. Museum of Biological Diversity, The Ohio State University. Occurrence dataset https://doi.org/10.15468/efb17f accessed via GBIF.org on 2023-12-07.</citation>
            </gbif>
        </metadata>
    </additionalMetadata>

</eml:eml>
