<?xml version="1.0" encoding="utf-8"?>
<eml:eml xmlns:eml="eml://ecoinformatics.org/eml-2.1.1" xmlns:xsi="http://www.w3.org/2001/XMLSchema-instance"
         xsi:schemaLocation="eml://ecoinformatics.org/eml-2.1.1 http://rs.gbif.org/schema/eml-gbif-profile/1.2/eml.xsd"
packageId="85b571c0-f762-11e1-a439-00145eb45e9a"  system="http://gbif.org" scope="system"
xml:lang="en">

    <dataset>
            <alternateIdentifier>10.15468/z5upgm</alternateIdentifier>
                <alternateIdentifier>https://ipt.gbif.es/resource?r=upm-germ</alternateIdentifier>
                <alternateIdentifier>85b571c0-f762-11e1-a439-00145eb45e9a</alternateIdentifier>
                <alternateIdentifier>1521</alternateIdentifier>
        <title>Universidad Politécnica de Madrid, Dpto. Biología Vegetal, Banco de Germoplasma</title>
            <creator>
            <individualName>
                    <surName>Departamento de Biotecnología y Biología Vegetal de la E.T.S. de Ingenería Agronómica, Alimentaria y de Biosistemas de la Universidad Politécnica de Madrid</surName>
            </individualName>
<organizationName>Dep. Plant Biology, E.T.S.I. Agronomy, Univ. Politécnica de Madrid</organizationName>            <address>
<country>SPAIN</country>            </address>
<electronicMailAddress>bgv.agronomos@upm.es</electronicMailAddress>            </creator>
            <metadataProvider>
            <individualName>
                    <surName>Departamento de Biotecnología y Biología Vegetal de la E.T.S. de Ingenería Agronómica, Alimentaria y de Biosistemas de la Universidad Politécnica de Madrid</surName>
            </individualName>
<organizationName>Dep. Plant Biology, E.T.S.I. Agronomy, Univ. Politécnica de Madrid</organizationName>            <address>
<country>SPAIN</country>            </address>
<electronicMailAddress>bgv.agronomos@upm.es</electronicMailAddress>            </metadataProvider>
            <associatedParty>
            <individualName>
                    <surName>David Draper Munt</surName>
            </individualName>
<phone>34-913665664</phone><electronicMailAddress>david.draper@upm.es</electronicMailAddress>            <role>TECHNICAL_POINT_OF_CONTACT</role>
            </associatedParty>
            <pubDate>
                2020-06-18
            </pubDate>
        <language>ENGLISH</language>
            <abstract>
                    <para>This database contains information regarding the holdings of the Germplasm Bank of the Departamento de Biología Vegetal at the Universidad Politécnica de Madrid. This germplasm bank has around 10.000 accessions and is specialized in worldwide crucifer seeds (with major emphasis in the tribe Brassiceae) and in seeds of Iberian and Macaronesian endemics.</para>
                    <para>Note: this dataset was previously orphaned. It has been rescued by ① extracting it from the GBIF.org index (see GBIF Download in External Data) and ② republishing it on this IPT data hosting centre as version 1.0.</para>
            </abstract>
                <keywordSet>
                        <keyword>Occurrence</keyword>
                        <keywordThesaurus>GBIF Dataset Type Vocabulary: http://rs.gbif.org/vocabulary/gbif/dataset_type.xml</keywordThesaurus>
                </keywordSet>
            <intellectualRights>
                    <para>This work is licensed under a <ulink url="http://creativecommons.org/licenses/by-nc/4.0/legalcode"><citetitle>Creative Commons Attribution Non Commercial (CC-BY-NC) 4.0 License</citetitle></ulink>.</para>
            </intellectualRights>
            <distribution scope="document">
                <online>
                    <url function="information">http://www.etsia.upm.es/DEPARTAMENTOS/biologia/enlaces.htm</url>
                </online>
            </distribution>
            <maintenance>
                <description>
                    <para></para>
                </description>
                <maintenanceUpdateFrequency>unkown</maintenanceUpdateFrequency>
            </maintenance>
            <contact>
            <individualName>
                    <surName>Departamento de Biotecnología y Biología Vegetal de la E.T.S. de Ingenería Agronómica, Alimentaria y de Biosistemas de la Universidad Politécnica de Madrid</surName>
            </individualName>
<organizationName>Dep. Plant Biology, E.T.S.I. Agronomy, Univ. Politécnica de Madrid</organizationName>            <address>
<country>SPAIN</country>            </address>
<electronicMailAddress>bgv.agronomos@upm.es</electronicMailAddress>            </contact>

    </dataset>

    <additionalMetadata>
        <metadata>
            <gbif>
                <dateStamp>2023-12-07T16:57:23Z</dateStamp>
                <citation>Departamento de Biotecnología y Biología Vegetal de la E.T.S. de Ingenería Agronómica, Alimentaria y de Biosistemas de la Universidad Politécnica de Madrid (2020). Universidad Politécnica de Madrid, Dpto. Biología Vegetal, Banco de Germoplasma. Dep. Plant Biology, E.T.S.I. Agronomy, Univ. Politécnica de Madrid. Occurrence dataset https://doi.org/10.15468/z5upgm accessed via GBIF.org on 2023-12-07.</citation>
                    <physical>
                        <objectName>GBIF Occurrence Download</objectName>
                        <characterEncoding>UTF-8</characterEncoding>
                        <dataFormat>
                            <externallyDefinedFormat>
                                <formatName>Darwin Core Archive</formatName>
                            </externallyDefinedFormat>
                        </dataFormat>
                        <distribution>
                            <online>
                                <url function="download">http://api.gbif.org/v1/occurrence/download/request/0002103-180131172636756.zip</url>
                            </online>
                        </distribution>
                    </physical>
            </gbif>
        </metadata>
    </additionalMetadata>

</eml:eml>
