<?xml version="1.0" encoding="utf-8"?>
<eml:eml xmlns:eml="eml://ecoinformatics.org/eml-2.1.1" xmlns:xsi="http://www.w3.org/2001/XMLSchema-instance"
         xsi:schemaLocation="eml://ecoinformatics.org/eml-2.1.1 http://rs.gbif.org/schema/eml-gbif-profile/1.2/eml.xsd"
packageId="861e6afe-f762-11e1-a439-00145eb45e9a"  system="http://gbif.org" scope="system"
xml:lang="en">

    <dataset>
            <alternateIdentifier>10.15468/o3pvnh</alternateIdentifier>
                <alternateIdentifier>https://ipt.huh.harvard.edu/ipt/resource?r=huh_all_records</alternateIdentifier>
                <alternateIdentifier>https://ipt.huh.harvard.edu/ipt/resource?r=huh_test</alternateIdentifier>
                <alternateIdentifier>http://firuta.huh.harvard.edu/ipt/resource.do?r=harvard_university_herbaria</alternateIdentifier>
                <alternateIdentifier>861e6afe-f762-11e1-a439-00145eb45e9a</alternateIdentifier>
                <alternateIdentifier>1827</alternateIdentifier>
        <title>Harvard University Herbaria: All Records</title>
            <creator>
            <individualName>
<givenName>Jonathan</givenName>                    <surName>Kennedy</surName>
            </individualName>
<organizationName>Harvard University Herbaria</organizationName><positionName>Director of Biodiversity Informatics</positionName>            <address>
<deliveryPoint>22 Divinity Ave</deliveryPoint><city>Cambridge</city><administrativeArea>MA</administrativeArea><postalCode>02138</postalCode><country>UNITED_STATES</country>            </address>
<phone>16174952331</phone><electronicMailAddress>jonathan_kennedy@harvard.edu</electronicMailAddress>            </creator>
            <metadataProvider>
            <individualName>
<givenName>Jonathan</givenName>                    <surName>Kennedy</surName>
            </individualName>
<organizationName>Harvard University Herbaria</organizationName><positionName>Director of Biodiversity Informatics</positionName>            <address>
<deliveryPoint>22 Divinity Ave</deliveryPoint><city>Cambridge</city><administrativeArea>MA</administrativeArea><postalCode>02138</postalCode><country>UNITED_STATES</country>            </address>
<phone>16174952331</phone><electronicMailAddress>jonathan_kennedy@harvard.edu</electronicMailAddress>            </metadataProvider>
            <associatedParty>
            <individualName>
<givenName>Jonathan</givenName>                    <surName>Kennedy</surName>
            </individualName>
<organizationName>Harvard University Herbaria</organizationName><positionName>Director of Biodiversity Informatics</positionName>            <address>
<deliveryPoint>22 Divinity Ave</deliveryPoint><city>Cambridge</city><administrativeArea>MA</administrativeArea><postalCode>02138</postalCode><country>UNITED_STATES</country>            </address>
<phone>16174952331</phone><electronicMailAddress>jonathan_kennedy@harvard.edu</electronicMailAddress>            <role>POINT_OF_CONTACT</role>
            </associatedParty>
            <associatedParty>
            <individualName>
<givenName>Michaela</givenName>                    <surName>Schmull</surName>
            </individualName>
<organizationName>Harvard University Herbaria</organizationName><positionName>Director of Collections</positionName>            <address>
<deliveryPoint>22 Divinity Ave</deliveryPoint><city>Cambridge</city><administrativeArea>MA</administrativeArea><postalCode>02138</postalCode><country>UNITED_STATES</country>            </address>
<electronicMailAddress>mschmull@oeb.harvard.edu</electronicMailAddress>            <role>POINT_OF_CONTACT</role>
            </associatedParty>
            <associatedParty>
            <individualName>
<givenName>Charles</givenName>                    <surName>Davis</surName>
            </individualName>
<organizationName>Harvard University Herbaria</organizationName><positionName>Curator of Vascular Plant Collection; Professor of Organismic and Evolutionary Biology</positionName>            <address>
<deliveryPoint>22 Divinity Ave</deliveryPoint><city>Cambridge</city><administrativeArea>MA</administrativeArea><postalCode>02138</postalCode><country>UNITED_STATES</country>            </address>
<electronicMailAddress>cdavis@oeb.harvard.edu</electronicMailAddress>            <role>POINT_OF_CONTACT</role>
            </associatedParty>
            <associatedParty>
            <individualName>
<givenName>Donald</givenName>                    <surName>Pfister</surName>
            </individualName>
<organizationName>Harvard University Herbaria</organizationName><positionName>Curator of the Farlow Library and Herbarium of Cryptogamic Botany; Asa Gray Professor of Systematic Botany</positionName>            <address>
<deliveryPoint>22 Divinity Ave</deliveryPoint><city>Cambridge</city><administrativeArea>MA</administrativeArea><postalCode>02138</postalCode><country>UNITED_STATES</country>            </address>
<electronicMailAddress>dpfister@oeb.harvard.edu</electronicMailAddress>            <role>POINT_OF_CONTACT</role>
            </associatedParty>
            <associatedParty>
            <individualName>
<givenName>Elena</givenName>                    <surName>Kramer</surName>
            </individualName>
<organizationName>Harvard University Herbaria</organizationName><positionName>Interim Director; Bussey Professor of Organismic and Evolutionary Biology</positionName>            <address>
<deliveryPoint>22 Divinity Ave</deliveryPoint><city>Cambridge</city><administrativeArea>MA</administrativeArea><postalCode>02138</postalCode><country>UNITED_STATES</country>            </address>
<electronicMailAddress>ekramer@oeb.harvard.edu</electronicMailAddress>            <role>POINT_OF_CONTACT</role>
            </associatedParty>
            <pubDate>
                2023-09-09
            </pubDate>
        <language>ENGLISH</language>
            <abstract>
                    <para>This dataset contains all digitized specimen records stewarded by the Harvard University Herbaria. 

The Harvard University Herbaria, with over 5 million specimens, is the world’s largest University Herbaria. Included in the Herbaria are what were once six separate herbarium collections: * Herbarium of the Arnold Arboretum (A) * Economic Herbarium of Oakes Ames (ECON) * Oakes Ames Orchid Herbarium (AMES) * Farlow Herbarium (FH) * Gray Herbarium (GH) * New England Botanical Club Herbarium (NEBC).

DarwinCore data follows the AppleCore guidance https://code.google.com/p/applecore/.</para>
            </abstract>
                <keywordSet>
                        <keyword>Occurrence</keyword>
                        <keywordThesaurus>GBIF Dataset Type Vocabulary: http://rs.gbif.org/vocabulary/gbif/dataset_type.xml</keywordThesaurus>
                </keywordSet>
                <keywordSet>
                        <keyword>Specimen</keyword>
                        <keywordThesaurus>GBIF Dataset Subtype Vocabulary: http://rs.gbif.org/vocabulary/gbif/dataset_subtype.xml</keywordThesaurus>
                </keywordSet>
                <keywordSet>
                        <keyword>Occurrence</keyword>
                        <keywordThesaurus>GBIF Dataset Type Vocabulary: http://rs.gbif.org/vocabulary/gbif/dataset_type_2015-07-10.xml</keywordThesaurus>
                </keywordSet>
            <intellectualRights>
                    <para>This work is licensed under a <ulink url="http://creativecommons.org/licenses/by/4.0/legalcode"><citetitle>Creative Commons Attribution (CC-BY) 4.0 License</citetitle></ulink>.</para>
            </intellectualRights>
            <coverage>
                    <geographicCoverage>
                            <geographicDescription>The Harvard University Herbaria collections are global in scope with notably rich collections from Asia and North America.</geographicDescription>
                            <boundingCoordinates>
                                <westBoundingCoordinate>-180</westBoundingCoordinate>
                                <eastBoundingCoordinate>180</eastBoundingCoordinate>
                                <northBoundingCoordinate>90</northBoundingCoordinate>
                                <southBoundingCoordinate>-90</southBoundingCoordinate>
                            </boundingCoordinates>
                    </geographicCoverage>
            </coverage>
            <maintenance>
                <description>
                    <para></para>
                </description>
                <maintenanceUpdateFrequency>weekly</maintenanceUpdateFrequency>
            </maintenance>
            <contact>
            <individualName>
<givenName>Jonathan</givenName>                    <surName>Kennedy</surName>
            </individualName>
<organizationName>Harvard University Herbaria</organizationName><positionName>Director of Biodiversity Informatics</positionName>            <address>
<deliveryPoint>22 Divinity Ave</deliveryPoint><city>Cambridge</city><administrativeArea>MA</administrativeArea><postalCode>02138</postalCode><country>UNITED_STATES</country>            </address>
<phone>16174952331</phone><electronicMailAddress>jonathan_kennedy@harvard.edu</electronicMailAddress>            </contact>
            <methods>
                    <methodStep>
                        <description>
                            <para></para>
                        </description>
                    </methodStep>
            </methods>

    </dataset>

    <additionalMetadata>
        <metadata>
            <gbif>
                <dateStamp>2023-12-07T16:57:15Z</dateStamp>
                <citation>Kennedy J (2023). Harvard University Herbaria: All Records. Harvard University Herbaria. Occurrence dataset https://doi.org/10.15468/o3pvnh accessed via GBIF.org on 2023-12-07.</citation>
            </gbif>
        </metadata>
    </additionalMetadata>

</eml:eml>
