<?xml version="1.0" encoding="utf-8"?>
<eml:eml xmlns:eml="eml://ecoinformatics.org/eml-2.1.1" xmlns:xsi="http://www.w3.org/2001/XMLSchema-instance"
         xsi:schemaLocation="eml://ecoinformatics.org/eml-2.1.1 http://rs.gbif.org/schema/eml-gbif-profile/1.2/eml.xsd"
packageId="ae33dc82-0bc2-43b5-b69b-65bf858f1e7a"  system="http://gbif.org" scope="system"
xml:lang="en">

    <dataset>
            <alternateIdentifier>10.15468/ckxw7v</alternateIdentifier>
                <alternateIdentifier>https://cch2.org/portal/collections/misc/collprofiles.php?collid=44</alternateIdentifier>
                <alternateIdentifier>http://cch2.org/portal/collections/misc/collprofiles.php?collid=44</alternateIdentifier>
                <alternateIdentifier>http://www.cch2.org/portal/collections/misc/collprofiles.php?collid=44</alternateIdentifier>
        <title>CHSC - CSU Chico, Chico State Herbarium - Vascular Plants</title>
            <creator>
<organizationName>CCH2 Portal</organizationName><electronicMailAddress>jyost@calpoly.edu</electronicMailAddress><onlineUrl>https://cch2.org/portal/index.php</onlineUrl>            </creator>
            <metadataProvider>
<organizationName>CCH2 Portal</organizationName><electronicMailAddress>jyost@calpoly.edu</electronicMailAddress><onlineUrl>https://cch2.org/portal/index.php</onlineUrl>            </metadataProvider>
            <associatedParty>
            <individualName>
                    <surName>Colleen Hatfield</surName>
            </individualName>
<electronicMailAddress>chatfield@csuchico.edu</electronicMailAddress>            <role>CONTENT_PROVIDER</role>
            </associatedParty>
            <pubDate>
                2023-12-03
            </pubDate>
        <language>ENGLISH</language>
            <abstract>
                    <para>The Chico State Herbarium is the most complete repository of plant specimens from northeastern California. The emphasis is on the northern California flora, and includes a great number of rare, threatened, and endangered plant species. Established with specimens donated by the late Professor Vesta Holt in the 1950&amp;#39;s, the Herbarium now contains more than 125,000 dried and mounted specimens. The majority of samples are flowering plants, conifers, and ferns, but bryophytes, lichens, and especially slime molds, are also well represented. The Herbarium is used extensively for identification of sensitive and other plant species by various agencies and individuals. Loans of herbarium specimens are made to any higher academic institutions who request them.</para>
            </abstract>
            <intellectualRights>
                    <para>This work is licensed under a <ulink url="http://creativecommons.org/licenses/by-nc/4.0/legalcode"><citetitle>Creative Commons Attribution Non Commercial (CC-BY-NC) 4.0 License</citetitle></ulink>.</para>
            </intellectualRights>
            <contact>
<organizationName>CHSC - CSU Chico, Chico State Herbarium - Vascular Plants</organizationName><phone>(530)-898-5381</phone><electronicMailAddress>chatfield@csuchico.edu</electronicMailAddress><onlineUrl>https://www.csuchico.edu/herbarium/</onlineUrl>            </contact>

    </dataset>

    <additionalMetadata>
        <metadata>
            <gbif>
                <dateStamp>2023-12-07T16:57:10Z</dateStamp>
                <citation>Chico State Herbarium (2023). CHSC - CSU Chico, Chico State Herbarium - Vascular Plants. Occurrence dataset https://doi.org/10.15468/ckxw7v accessed via GBIF.org on 2023-12-07.</citation>
            </gbif>
        </metadata>
    </additionalMetadata>

</eml:eml>
