<?xml version="1.0" encoding="utf-8"?>
<eml:eml xmlns:eml="eml://ecoinformatics.org/eml-2.1.1" xmlns:xsi="http://www.w3.org/2001/XMLSchema-instance"
         xsi:schemaLocation="eml://ecoinformatics.org/eml-2.1.1 http://rs.gbif.org/schema/eml-gbif-profile/1.2/eml.xsd"
packageId="b8811bf9-abcf-4600-9245-eda1017c3978"  system="http://gbif.org" scope="system"
xml:lang="en">

    <dataset>
            <alternateIdentifier>10.15468/w5g8jz</alternateIdentifier>
                <alternateIdentifier>https://intermountainbiota.org/portal/collections/misc/collprofiles.php?collid=159</alternateIdentifier>
        <title>University of Nevada Herbarium</title>
            <creator>
<organizationName>Consortium of Intermountain Herbaria</organizationName><electronicMailAddress>seinetAdmin@asu.edu</electronicMailAddress><onlineUrl>https://intermountainbiota.org/portal/index.php</onlineUrl>            </creator>
            <metadataProvider>
<organizationName>Consortium of Intermountain Herbaria</organizationName><electronicMailAddress>seinetAdmin@asu.edu</electronicMailAddress><onlineUrl>https://intermountainbiota.org/portal/index.php</onlineUrl>            </metadataProvider>
            <associatedParty>
            <individualName>
<givenName>Arnold</givenName>                    <surName>Tiehm</surName>
            </individualName>
<positionName>Curator</positionName><electronicMailAddress>atiehm@att.net</electronicMailAddress>            <role>CONTENT_PROVIDER</role>
            </associatedParty>
            <pubDate>
                2023-12-04
            </pubDate>
        <language>ENGLISH</language>
            <intellectualRights>
                    <para>This work is licensed under a <ulink url="http://creativecommons.org/licenses/by-nc/4.0/legalcode"><citetitle>Creative Commons Attribution Non Commercial (CC-BY-NC) 4.0 License</citetitle></ulink>.</para>
            </intellectualRights>
            <contact>
<organizationName>University of Nevada Herbarium</organizationName><phone>[1] (775) 784-1105</phone><electronicMailAddress>atiehm@att.net</electronicMailAddress><onlineUrl>http://www.cabnr.unr.edu/reno_herbarium/</onlineUrl>            </contact>

    </dataset>

    <additionalMetadata>
        <metadata>
            <gbif>
                <dateStamp>2023-12-07T16:57:36Z</dateStamp>
                <citation>University of Nevada, Reno (2023). University of Nevada Herbarium. Occurrence dataset https://doi.org/10.15468/w5g8jz accessed via GBIF.org on 2023-12-07.</citation>
            </gbif>
        </metadata>
    </additionalMetadata>

</eml:eml>
