<?xml version="1.0" encoding="utf-8"?>
<eml:eml xmlns:eml="eml://ecoinformatics.org/eml-2.1.1" xmlns:xsi="http://www.w3.org/2001/XMLSchema-instance"
         xsi:schemaLocation="eml://ecoinformatics.org/eml-2.1.1 http://rs.gbif.org/schema/eml-gbif-profile/1.2/eml.xsd"
packageId="bf2a4bf0-5f31-11de-b67e-b8a03c50a862"  system="http://gbif.org" scope="system"
xml:lang="en">

    <dataset>
            <alternateIdentifier>10.15468/ypoair</alternateIdentifier>
                <alternateIdentifier>8402</alternateIdentifier>
        <title>Edinburgh (E) Herbarium Specimens</title>
            <creator>
<organizationName>Royal Botanic Garden Edinburgh (RBGE)</organizationName><onlineUrl>https://www.rbge.org.uk</onlineUrl>            </creator>
            <metadataProvider>
            <individualName>
<givenName>Roger</givenName>                    <surName>Hyam</surName>
            </individualName>
<organizationName>Royal Botanic Garden Edinburgh</organizationName><positionName>Open Data Officer</positionName><electronicMailAddress>rhyam@rbge.org.uk</electronicMailAddress><onlineUrl>https://www.rbge.org.uk/about-us/who-we-are/staff/major-floras/dr-roger-hyam-biodiversity-data-systems-developer/</onlineUrl>            </metadataProvider>
            <pubDate>
                2023-12-01
            </pubDate>
        <language>ENGLISH</language>
            <abstract>
                    <para>Darwin Core data on the herbarium specimens held at RBGE.</para>
            </abstract>
            <intellectualRights>
                    <para>To the extent possible under law, the publisher has waived all rights to these data and has dedicated them to the <ulink url="http://creativecommons.org/publicdomain/zero/1.0/legalcode"><citetitle>Public Domain (CC0 1.0)</citetitle></ulink>. Users may copy, modify, distribute and use the work, including for commercial purposes, without restriction.</para>
            </intellectualRights>
            <contact>
            <individualName>
<givenName>Robert</givenName>                    <surName>Cubey</surName>
            </individualName>
<organizationName>Royal Botanical Gardens Edinburgh</organizationName><positionName>Plant Records Officer</positionName>            <address>
<deliveryPoint>Edinburgh, Scotland, UK</deliveryPoint>            </address>
<electronicMailAddress>rcubey@rbge.org.uk</electronicMailAddress>            </contact>

    </dataset>

    <additionalMetadata>
        <metadata>
            <gbif>
                <dateStamp>2023-12-07T16:57:22Z</dateStamp>
                <citation>Royal Botanic Garden Edinburgh (2023). Edinburgh (E) Herbarium Specimens. Occurrence dataset https://doi.org/10.15468/ypoair accessed via GBIF.org on 2023-12-07.</citation>
            </gbif>
        </metadata>
    </additionalMetadata>

</eml:eml>
