<?xml version="1.0" encoding="utf-8"?>
<eml:eml xmlns:eml="eml://ecoinformatics.org/eml-2.1.1" xmlns:xsi="http://www.w3.org/2001/XMLSchema-instance"
         xsi:schemaLocation="eml://ecoinformatics.org/eml-2.1.1 http://rs.gbif.org/schema/eml-gbif-profile/1.2/eml.xsd"
packageId="df5456b6-e51d-4c6b-966a-24beac9f3348"  system="http://gbif.org" scope="system"
xml:lang="en">

    <dataset>
            <alternateIdentifier>10.15468/9uucfs</alternateIdentifier>
                <alternateIdentifier>https://portal.torcherbaria.org/portal/collections/misc/collprofiles.php?collid=475</alternateIdentifier>
        <title>Texas A&amp;M University, S.M. Tracy Herbarium</title>
            <creator>
<organizationName>TORCH Portal</organizationName><electronicMailAddress>jbest@brit.org</electronicMailAddress><onlineUrl>https://portal.torcherbaria.org/portal/index.php</onlineUrl>            </creator>
            <metadataProvider>
<organizationName>TORCH Portal</organizationName><electronicMailAddress>jbest@brit.org</electronicMailAddress><onlineUrl>https://portal.torcherbaria.org/portal/index.php</onlineUrl>            </metadataProvider>
            <associatedParty>
            <individualName>
                    <surName>Daniel Spalink</surName>
            </individualName>
<electronicMailAddress>dspalink@tamu.edu</electronicMailAddress>            <role>CONTENT_PROVIDER</role>
            </associatedParty>
            <pubDate>
                2023-12-05
            </pubDate>
        <language>ENGLISH</language>
            <abstract>
                    <para>The Tracy Herbarium is the third largest herbarium in Texas and includes specimens from every continent with a significant emphasis in Texas, the southern United States, Mexico, and the Caribbean. TAES maintains one of the largest collections of grasses in the southern US and has ample representation from most vascular plant families.  In addition, the herbarium contains substantial collections of non-vascular plants, and the largest collection of fungi in the state. The collection currently houses nearly 360,000 specimens and adds approximately 2500-3000 new accessions per year.  The type collection at TAES consists of 199 specimens, of which 130 are Poaceae, 19 Asteraceae, 17 Cyperaceae, and an additional 15 holotypes.</para>
            </abstract>
            <intellectualRights>
                    <para>This work is licensed under a <ulink url="http://creativecommons.org/licenses/by-nc/4.0/legalcode"><citetitle>Creative Commons Attribution Non Commercial (CC-BY-NC) 4.0 License</citetitle></ulink>.</para>
            </intellectualRights>
            <contact>
<organizationName>Texas A&amp;M University, S.M. Tracy Herbarium</organizationName><electronicMailAddress>dspalink@tamu.edu</electronicMailAddress>            </contact>

    </dataset>

    <additionalMetadata>
        <metadata>
            <gbif>
                <dateStamp>2023-12-07T16:57:43Z</dateStamp>
                <citation>Texas A&amp;M University S.M. Tracy Herbarium (TAES) (2023). Texas A&amp;M University, S.M. Tracy Herbarium. Occurrence dataset https://doi.org/10.15468/9uucfs accessed via GBIF.org on 2023-12-07.</citation>
            </gbif>
        </metadata>
    </additionalMetadata>

</eml:eml>
