<?xml version="1.0" encoding="utf-8"?>
<eml:eml xmlns:eml="eml://ecoinformatics.org/eml-2.1.1" xmlns:xsi="http://www.w3.org/2001/XMLSchema-instance"
         xsi:schemaLocation="eml://ecoinformatics.org/eml-2.1.1 http://rs.gbif.org/schema/eml-gbif-profile/1.2/eml.xsd"
packageId="f812093f-5e56-42c9-be74-bd85c68e29e7"  system="http://gbif.org" scope="system"
xml:lang="es">

    <dataset>
            <alternateIdentifier>10.15468/4zpuku</alternateIdentifier>
                <alternateIdentifier>https://ipt.mincyt.gob.ar/resource?r=herbario_1museosanrafael</alternateIdentifier>
                <alternateIdentifier>f812093f-5e56-42c9-be74-bd85c68e29e7</alternateIdentifier>
                <alternateIdentifier>http://ipt.mincyt.gob.ar/resource?r=herbario_1museosanrafael</alternateIdentifier>
        <title>Herbario del Museo Municipal de Historia Natural de San Rafael (MMHNSR), Mendoza. Argentina</title>
            <creator>
            <individualName>
<givenName>Luciana</givenName>                    <surName>Farina</surName>
            </individualName>
<organizationName>Museo Municipal de Historia Natural de San Rafael. Mendoza</organizationName><positionName>Encargada del departamento de Botánica, del Museo de Historia Natural.</positionName>            <address>
<deliveryPoint>Avenida Ballofet y calle Amapola S/N, parque, Mariano Moreno, Ciudad.</deliveryPoint><city>San Rafael</city><administrativeArea>San Rafael/Mendoza</administrativeArea><postalCode>5600</postalCode><country>ARGENTINA</country>            </address>
<phone>0260-4423095</phone><electronicMailAddress>lucibiolog87@gmail.com</electronicMailAddress>            </creator>
            <metadataProvider>
            <individualName>
<givenName>Luciana</givenName>                    <surName>Farina</surName>
            </individualName>
<organizationName>Museo Municipal de Historia Natural de San Rafael. Mendoza</organizationName><positionName>Encargada del departamento de Botánica, del Museo de Historia Natural.</positionName>            <address>
<deliveryPoint>Avenida Ballofet y calle Amapola S/N, parque, Mariano Moreno, Ciudad.</deliveryPoint><city>San Rafael</city><administrativeArea>San Rafael/Mendoza</administrativeArea><postalCode>5600</postalCode><country>ARGENTINA</country>            </address>
<phone>0260-4423095</phone><electronicMailAddress>lucibiolog87@gmail.com</electronicMailAddress>            </metadataProvider>
            <metadataProvider>
            <individualName>
<givenName>Luciana</givenName>                    <surName>Farina</surName>
            </individualName>
<organizationName>Museo Municipal de Historia Natural de San Rafael. Mendoza</organizationName><positionName>Encargada del departamento de Botánica, del Museo de Historia Natural.</positionName>            <address>
<deliveryPoint>Avenida Ballofet y calle Amapola S/N, parque, Mariano Moreno, Ciudad.</deliveryPoint><city>San Rafael</city><administrativeArea>San Rafael/Mendoza</administrativeArea><postalCode>5600</postalCode><country>ARGENTINA</country>            </address>
<phone>0260-4423095</phone><electronicMailAddress>lucibiolog87@gmail.com</electronicMailAddress>            </metadataProvider>
            <pubDate>
                2023-03-23
            </pubDate>
        <language>SPANISH</language>
            <abstract>
                    <para>El presente recurso contiene 1500 registros botánicos y comprende entre: talófitas (Algas, Hongos y Líquenes), plantas no vasculares (Musgos) y vasculares en su gran mayoría. 
  Estos corresponden a varias secciones de la colección de Botánica del Museo de Historia Natural de San Rafael, Provincia de Mendoza. Cuando ingresemos a su consulta, nos encontraremos, con una gran cantidad de ejemplares pertenecientes a la flora nativa de nuestro departamento, San Rafael y de varias regiones fitogeográficas de Argentina, entre las más abundantes, están las que corresponden a la región de Monte y otros menos, a la Patagonia Argentina. 
   También podemos encontrarnos con registros que han sido citados en publicaciones científicas y en particular en Atlas de Palinología (Markgraf). Además, la sección flora Apícola, posee ejemplares que cuentan con Palinoteca asociada.  
   Hay registros de Estados Unidos y Chile fundamentalmente, para quienes estén trabajando en esas áreas, sumado a varias Provincias del norte argentino. 
   Esta colección cuenta con ejemplares que datan de 1962 hasta la actualidad, con colectas realizadas por el fundador del museo, Dr. Humberto Antonio Lagiglia y algunas determinaciones llevadas a cabo por especialistas botánicos de renombre a nivel nacional como internacional, por citar algunos, Ruiz Leal, R. Kiesling y A. L. Cabrera. Hoy en día se mantienen los protocolos para su cuidado y conservación a cargo de la Profesora Luciana Farina quien se encarga también de la gestión y preservación de los datos informatizados de la colección, que funciona en las instalaciones del departamento de Botánica del Museo.</para>
            </abstract>
                <keywordSet>
                        <keyword>Occurrence</keyword>
                        <keywordThesaurus>GBIF Dataset Type Vocabulary: http://rs.gbif.org/vocabulary/gbif/dataset_type.xml</keywordThesaurus>
                </keywordSet>
                <keywordSet>
                        <keyword>Specimen</keyword>
                        <keywordThesaurus>GBIF Dataset Subtype Vocabulary: http://rs.gbif.org/vocabulary/gbif/dataset_subtype.xml</keywordThesaurus>
                </keywordSet>
                <keywordSet>
                        <keyword>Occurrence</keyword>
                        <keywordThesaurus>GBIF Dataset Type Vocabulary: http://rs.gbif.org/vocabulary/gbif/dataset_type_2015-07-10.xml</keywordThesaurus>
                </keywordSet>
            <intellectualRights>
                    <para>This work is licensed under a <ulink url="http://creativecommons.org/licenses/by/4.0/legalcode"><citetitle>Creative Commons Attribution (CC-BY) 4.0 License</citetitle></ulink>.</para>
            </intellectualRights>
            <coverage>
                    <geographicCoverage>
                            <geographicDescription>Los registros corresponden a un área de cobertura extensa, la mayor parte de los mismos corresponden a ejemplares de Argentina, incluyendo datos de varias de sus Provincias, ampliando los datos hacia varios Países limítrofes como Chile, Brasil y más al Norte a EE.UU. 
  Los ejemplares abarcan una porción de los Países del cono Sur y parte de América del Norte.</geographicDescription>
                            <boundingCoordinates>
                                <westBoundingCoordinate>-125.156</westBoundingCoordinate>
                                <eastBoundingCoordinate>-34.453</eastBoundingCoordinate>
                                <northBoundingCoordinate>53.331</northBoundingCoordinate>
                                <southBoundingCoordinate>-57.704</southBoundingCoordinate>
                            </boundingCoordinates>
                    </geographicCoverage>
                    <temporalCoverage>
                            <rangeOfDates>
                                <beginDate>
                                    <calendarDate>                1962-11-19
</calendarDate>
                                </beginDate>
                                <endDate>
                                    <calendarDate>                2017-03-30
</calendarDate>
                                </endDate>
                            </rangeOfDates>
                    </temporalCoverage>
                        <taxonomicCoverage>
                                <generalTaxonomicCoverage>La mayoría de los recursos correspondientes a plantas vasculares fueron identificados hasta el taxón de género y especie. A excepción del grupo de plantas inferiores como algas, musgos y hongos que en casos se llegó solo al nivel de género. 
Tenemos además taxones cubiertos hasta variedad.</generalTaxonomicCoverage>
                                <taxonomicClassification>
                                        <taxonRankName>Species</taxonRankName>
                                    <taxonRankValue>Heliotropium mendocinum</taxonRankValue>
                                </taxonomicClassification>
                                <taxonomicClassification>
                                        <taxonRankName>Genus</taxonRankName>
                                    <taxonRankValue>Cassia</taxonRankValue>
                                </taxonomicClassification>
                                <taxonomicClassification>
                                        <taxonRankName>Variety</taxonRankName>
                                    <taxonRankValue>Sphaeralcea miniata mendocina</taxonRankValue>
                                        <commonName>Malvisco</commonName>
                                </taxonomicClassification>
                        </taxonomicCoverage>
            </coverage>
            <purpose>
                <para>Dar a conocer la flora de nuestra región, los cambios a través del tiempo, las especies introducidas y extintas.</para>
            </purpose>
            <maintenance>
                <description>
                    <para>El mantenimiento de los datos se regirá de acuerdo a las actualizaciones aplicadas por el código Internacional de Nomenclatura Botánica, para el caso de correcciones en cuanto a la taxonomía. En el caso de que existan fuentes de georeferenciación para los datos publicados se anexarán a estos según corresponda.</para>
                </description>
                <maintenanceUpdateFrequency>asNeeded</maintenanceUpdateFrequency>
            </maintenance>
            <contact>
            <individualName>
<givenName>Luciana</givenName>                    <surName>Farina</surName>
            </individualName>
<organizationName>Museo Municipal de Historia Natural de San Rafael. Mendoza</organizationName><positionName>Encargada del departamento de Botánica, del Museo de Historia Natural.</positionName>            <address>
<deliveryPoint>Avenida Ballofet y calle Amapola S/N, parque, Mariano Moreno, Ciudad.</deliveryPoint><city>San Rafael</city><administrativeArea>San Rafael/Mendoza</administrativeArea><postalCode>5600</postalCode><country>ARGENTINA</country>            </address>
<phone>0260-4423095</phone><electronicMailAddress>lucibiolog87@gmail.com</electronicMailAddress>            </contact>

    </dataset>

    <additionalMetadata>
        <metadata>
            <gbif>
                <dateStamp>2023-12-07T16:57:30Z</dateStamp>
                <citation>Farina L (2023). Herbario del Museo Municipal de Historia Natural de San Rafael (MMHNSR), Mendoza. Argentina. Version 1.6. Museo Municipal de Historia Natural de San Rafael, Mendoza. Argentina. Occurrence dataset https://doi.org/10.15468/4zpuku accessed via GBIF.org on 2023-12-07.</citation>
                    <bibliography>
                <citation>http://www.floraargentina.edu.ar/- http://rs.tdwg.org/dwc/terms/- http://www.ipni.org/- (Índice Internacional de Nombres de Plantas)- Kiesling.R  y Otros. ”FLORA DE SAN JUAN, REPÚBLICA ARGENTINA”. Volumen III. 1ª ed. –Mendoza: Zeta Editores, 2013.</citation>
                    </bibliography>
                    <resourceLogoUrl>http://www.sanrafael.gov.ar/museo/images/Logo_Museo.jpg</resourceLogoUrl>
                        <collection>
                            <parentCollectionIdentifier></parentCollectionIdentifier>
                            <collectionIdentifier>MMHNSRBOT</collectionIdentifier>
                            <collectionName>Colección de Botánica del MMHNSR</collectionName>
                        </collection>
                        <specimenPreservationMethod>ALCOHOL</specimenPreservationMethod>
            </gbif>
        </metadata>
    </additionalMetadata>

</eml:eml>
