X,Y,Test or train,Raw prediction,Cumulative prediction,Cloglog prediction
1.0,1.0,train,7.785157186099282E-4,32.1506578306885,0.6696944199275605
2.0,2.0,train,5.942990806138925E-4,19.504352105162596,0.5707081404171153
3.0,3.0,train,7.611356677043845E-4,29.579811933191,0.6614241949694721
4.0,4.0,train,9.3495410818084E-4,51.001680161315534,0.7356101689991477
5.0,5.0,train,9.3495410818084E-4,51.001680161315534,0.7356101689991477
6.0,6.0,train,5.135439663951038E-4,16.37739640891464,0.5184345649561338
7.0,7.0,train,5.942990806138925E-4,19.504352105162596,0.5707081404171153
8.0,8.0,train,7.611356677043845E-4,29.579811933191,0.6614241949694721
9.0,9.0,train,4.7739727006558124E-4,13.526228690057208,0.493018429591494
10.0,10.0,train,5.135439663951038E-4,16.37739640891464,0.5184345649561338
11.0,11.0,train,9.3495410818084E-4,51.001680161315534,0.7356101689991477
12.0,12.0,train,9.3495410818084E-4,51.001680161315534,0.7356101689991477
13.0,13.0,train,7.611356677043845E-4,29.579811933191,0.6614241949694721
14.0,14.0,train,5.135439663951038E-4,16.37739640891464,0.5184345649561338
15.0,15.0,train,9.3495410818084E-4,51.001680161315534,0.7356101689991477
16.0,16.0,train,6.346889689406234E-4,21.43577851000561,0.5946840390584336
17.0,17.0,train,7.785157186099282E-4,32.1506578306885,0.6696944199275605
18.0,18.0,train,7.574060045178663E-4,28.667712285204946,0.6596226391877211
19.0,19.0,train,7.753774653099063E-4,31.033519314725613,0.6682161858660315
20.0,20.0,train,8.772360932924561E-4,43.85912091857076,0.7129803590209913
21.0,21.0,train,6.96544852329998E-4,25.113421411432878,0.6288325876988238
22.0,22.0,train,0.0010147074267394163,61.76974669521947,0.7639732897638029
23.0,23.0,train,1.1509028312679517E-4,5.318972224268686,0.15105429588642305
24.0,24.0,train,8.888807126816951E-4,46.52277935429841,0.7176967878047391
25.0,25.0,train,8.78854436770716E-4,44.392720216944824,0.7136405227871762
26.0,26.0,train,5.135439663951038E-4,16.37739640891464,0.5184345649561338
27.0,27.0,train,5.34973901448266E-4,17.33824930051088,0.5328969848271087
28.0,28.0,train,9.3495410818084E-4,51.001680161315534,0.7356101689991477
29.0,29.0,train,5.942990806138925E-4,19.504352105162596,0.5707081404171153
30.0,30.0,train,9.3495410818084E-4,51.001680161315534,0.7356101689991477
31.0,31.0,train,9.3495410818084E-4,51.001680161315534,0.7356101689991477
32.0,32.0,train,8.287289553622227E-4,40.70708919861597,0.6924706137432899
33.0,33.0,train,5.135439663951038E-4,16.37739640891464,0.5184345649561338
34.0,34.0,train,6.95067115487691E-4,25.0044420839718,0.6280513325342271
35.0,35.0,train,8.298173936375013E-4,40.894000561163324,0.6929465222492507
36.0,36.0,train,1.058837693373801E-4,4.973591676768146,0.1398601204287513
37.0,37.0,train,7.765347462793971E-4,31.295375436869374,0.6687620766747333
38.0,38.0,train,7.765347462793971E-4,31.295375436869374,0.6687620766747333
39.0,39.0,train,1.5078692094545826E-5,1.2196311684270416,0.021226693948356412
40.0,40.0,train,7.611356677043845E-4,29.579811933191,0.6614241949694721
41.0,41.0,train,8.599882891880597E-4,43.25552721035943,0.7058492879097285
42.0,42.0,train,5.874227433989763E-4,19.032848657057546,0.5664872364958233
43.0,43.0,train,1.0176621454051186E-4,4.853968962684571,0.13480594151143166
44.0,44.0,train,4.493584730649808E-4,12.604294383216127,0.4723830272674687
45.0,45.0,train,4.7739727006558124E-4,13.526228690057208,0.493018429591494
46.0,46.0,train,1.602617876435236E-4,6.321511748688407,0.20390267186358513
47.0,47.0,train,6.404694030781935E-4,21.709499741899354,0.5980040435697311
48.0,48.0,train,8.740469796212255E-4,43.59738753824187,0.7116749799576295
49.0,49.0,train,7.611356677043845E-4,29.579811933191,0.6614241949694721
50.0,50.0,train,5.34973901448266E-4,17.33824930051088,0.5328969848271087
51.0,51.0,train,7.611356677043845E-4,29.579811933191,0.6614241949694721
52.0,52.0,train,0.001056731573509847,64.3088123590579,0.7776729449035449
53.0,53.0,train,0.001056731573509847,64.3088123590579,0.7776729449035449
54.0,54.0,train,5.135439663951038E-4,16.37739640891464,0.5184345649561338
55.0,55.0,train,7.611356677043845E-4,29.579811933191,0.6614241949694721
56.0,56.0,train,8.10163507276052E-4,37.05463895605384,0.6842385211873381
57.0,57.0,train,0.0014054758176407715,99.85485309994351,0.8646414557773093
58.0,58.0,train,6.404694030781935E-4,21.709499741899354,0.5980040435697311
59.0,59.0,train,7.917963622017446E-4,35.74810068018076,0.6758775360349688
60.0,60.0,train,8.785632386617573E-4,44.21711380446719,0.7135218477478196
61.0,61.0,train,5.135439663951038E-4,16.37739640891464,0.5184345649561338
62.0,62.0,train,1.0087097103570026E-5,0.7814934854438319,0.014250252629776972
63.0,63.0,train,5.34973901448266E-4,17.33824930051088,0.5328969848271087
64.0,64.0,train,6.404694030781935E-4,21.709499741899354,0.5980040435697311
65.0,65.0,train,7.143047641519474E-4,25.788745111505857,0.6380945737956216
66.0,66.0,train,9.3495410818084E-4,51.001680161315534,0.7356101689991477
67.0,67.0,train,9.3495410818084E-4,51.001680161315534,0.7356101689991477
68.0,68.0,train,5.942990806138925E-4,19.504352105162596,0.5707081404171153
69.0,69.0,train,4.052959872268073E-5,2.6999316976181094,0.05603754998602739
70.0,70.0,train,1.5012118125806205E-6,0.07418914079461665,0.0021337695613240504
71.0,71.0,train,1.356922234456443E-5,1.0809979702964059,0.019122226077177062
72.0,72.0,train,9.192010761023829E-4,49.09056625678815,0.7296170267022635
73.0,73.0,train,5.015850895830246E-4,14.566044791469576,0.5101700906750203
74.0,74.0,train,9.192010761023829E-4,49.09056625678815,0.7296170267022635
75.0,75.0,train,9.123091098110524E-4,48.10172445508484,0.7269524822614495
76.0,76.0,train,5.015850895830246E-4,14.566044791469576,0.5101700906750203
77.0,77.0,train,9.047551388496348E-4,47.06290901497162,0.7240018239482274
78.0,78.0,train,3.183435805573503E-4,9.277309055041224,0.36426011170583916
79.0,79.0,train,5.015850895830246E-4,14.566044791469576,0.5101700906750203
80.0,80.0,train,9.123091098110524E-4,48.10172445508484,0.7269524822614495
81.0,81.0,train,9.123091098110524E-4,48.10172445508484,0.7269524822614495
82.0,82.0,train,5.015850895830246E-4,14.566044791469576,0.5101700906750203
83.0,83.0,train,9.123091098110524E-4,48.10172445508484,0.7269524822614495
84.0,84.0,train,5.015850895830246E-4,14.566044791469576,0.5101700906750203
85.0,85.0,train,9.123091098110524E-4,48.10172445508484,0.7269524822614495
86.0,86.0,train,9.522222293776835E-4,52.59287908924422,0.7420272073644955
87.0,87.0,train,3.6002667125143925E-4,10.000829978056267,0.40086956839144416
88.0,88.0,train,5.015850895830246E-4,14.566044791469576,0.5101700906750203
89.0,89.0,train,9.123091098110524E-4,48.10172445508484,0.7269524822614495
90.0,90.0,train,9.123091098110524E-4,48.10172445508484,0.7269524822614495
91.0,91.0,train,5.015850895830246E-4,14.566044791469576,0.5101700906750203
92.0,92.0,train,9.123091098110524E-4,48.10172445508484,0.7269524822614495
93.0,93.0,train,9.192010761023829E-4,49.09056625678815,0.7296170267022635
94.0,94.0,train,9.192010761023829E-4,49.09056625678815,0.7296170267022635
95.0,95.0,train,5.015850895830246E-4,14.566044791469576,0.5101700906750203
96.0,96.0,train,9.192010761023829E-4,49.09056625678815,0.7296170267022635
97.0,97.0,train,7.765347462793971E-4,31.295375436869374,0.6687620766747333
98.0,98.0,train,7.765347462793971E-4,31.295375436869374,0.6687620766747333
99.0,99.0,train,8.7693456755045E-4,43.77789310621224,0.7128571908545972
100.0,100.0,train,0.0011674502042033057,87.47585773789123,0.8100786910617757
101.0,101.0,train,3.531274927185767E-4,9.75075976326248,0.3949591057213888
102.0,102.0,train,9.159144267452992E-4,48.7959211323278,0.7283496144581016
103.0,103.0,train,7.1183178572352E-4,25.704164103580222,0.6368188723933166
104.0,104.0,train,7.747139484996315E-4,30.929465352655704,0.6679027985253443
105.0,105.0,train,7.747139484996315E-4,30.929465352655704,0.6679027985253443
106.0,106.0,train,9.159144267452992E-4,48.7959211323278,0.7283496144581016
107.0,107.0,train,0.0011598052740094992,87.2862612581753,0.8080014794050525
108.0,108.0,train,4.2791908810680475E-4,11.633633197892694,0.4560396632082315
109.0,109.0,train,9.844572585804648E-4,56.563860317978815,0.7535923105983764
110.0,110.0,train,0.001174341774098298,88.34206008531592,0.8119319392016772
111.0,111.0,train,7.509006794198754E-4,27.260824403385794,0.6564573710717476
112.0,112.0,train,5.75342974278528E-4,18.501970124095426,0.558971569756161
113.0,113.0,train,4.6692131013173965E-4,13.335786946699248,0.48540472310260974
114.0,114.0,train,0.0012038856100384633,88.58036797748382,0.8196739699393015
115.0,115.0,train,7.843517127115519E-4,32.73557304654044,0.6724259005401467
116.0,116.0,train,0.0012478126393930746,97.1259176253063,0.8305998865407626
117.0,117.0,train,6.753139389564878E-4,24.39010239998616,0.6174488690420041
118.0,118.0,train,8.417598569514009E-4,41.81499432356142,0.6981201185073611
119.0,119.0,train,9.957433347125492E-4,61.10525104364337,0.7575177120428425
120.0,120.0,train,0.0011061628182322113,83.92465229175002,0.7927730387305982
121.0,121.0,train,0.0012478126393930746,97.1259176253063,0.8305998865407626
122.0,122.0,train,7.871937391953369E-4,33.44258060288757,0.6737478935346106
123.0,123.0,train,7.871937391953369E-4,33.44258060288757,0.6737478935346106
124.0,124.0,train,4.2791908810680475E-4,11.633633197892694,0.4560396632082315
125.0,125.0,train,9.844572585804648E-4,56.563860317978815,0.7535923105983764
126.0,126.0,train,9.844572585804648E-4,56.563860317978815,0.7535923105983764
127.0,127.0,train,9.844572585804648E-4,56.563860317978815,0.7535923105983764
128.0,128.0,train,0.001174341774098298,88.34206008531592,0.8119319392016772
129.0,129.0,train,7.509006794198754E-4,27.260824403385794,0.6564573710717476
130.0,130.0,train,0.0010634739423819328,64.51072247394804,0.7797956641722315
131.0,131.0,train,9.943917899053255E-4,59.271341785299356,0.7570509479629268
132.0,132.0,train,0.0012038856100384633,88.58036797748382,0.8196739699393015
133.0,133.0,train,0.0012038856100384633,88.58036797748382,0.8196739699393015
134.0,134.0,train,0.0012038856100384633,88.58036797748382,0.8196739699393015
135.0,135.0,train,0.001019068461364832,61.88383435091138,0.7654333582602795
136.0,136.0,train,6.753139389564878E-4,24.39010239998616,0.6174488690420041
137.0,137.0,train,8.417598569514009E-4,41.81499432356142,0.6981201185073611
138.0,138.0,train,9.957433347125492E-4,61.10525104364337,0.7575177120428425
139.0,139.0,train,0.0011061628182322113,83.92465229175002,0.7927730387305982
140.0,140.0,train,0.0012478126393930746,97.1259176253063,0.8305998865407626
141.0,141.0,train,7.871937391953369E-4,33.44258060288757,0.6737478935346106
142.0,142.0,train,7.883456031414944E-4,35.33484152243455,0.6742821723539671
143.0,143.0,train,9.844572585804648E-4,56.563860317978815,0.7535923105983764
144.0,144.0,train,9.844572585804648E-4,56.563860317978815,0.7535923105983764
145.0,145.0,train,9.844572585804648E-4,56.563860317978815,0.7535923105983764
146.0,146.0,train,0.0010351591418522354,62.632818162818864,0.7707427873230761
147.0,147.0,train,0.001174341774098298,88.34206008531592,0.8119319392016772
148.0,148.0,train,7.509006794198754E-4,27.260824403385794,0.6564573710717476
149.0,149.0,train,0.0010634739423819328,64.51072247394804,0.7797956641722315
150.0,150.0,train,7.755634584907912E-4,31.062725037277527,0.6683039797067165
151.0,151.0,train,0.0012038856100384633,88.58036797748382,0.8196739699393015
152.0,152.0,train,0.0012038856100384633,88.58036797748382,0.8196739699393015
153.0,153.0,train,0.0012038856100384633,88.58036797748382,0.8196739699393015
154.0,154.0,train,7.843517127115519E-4,32.73557304654044,0.6724259005401467
155.0,155.0,train,6.753139389564878E-4,24.39010239998616,0.6174488690420041
156.0,156.0,train,8.417598569514009E-4,41.81499432356142,0.6981201185073611
157.0,157.0,train,9.957433347125492E-4,61.10525104364337,0.7575177120428425
158.0,158.0,train,0.0011061628182322113,83.92465229175002,0.7927730387305982
159.0,159.0,train,8.280470072806607E-4,40.61915277765188,0.6921720631403143
160.0,160.0,train,9.919344007416962E-4,59.0146935152256,0.7561999707355442
161.0,161.0,train,7.871937391953369E-4,33.44258060288757,0.6737478935346106
162.0,162.0,train,7.883456031414944E-4,35.33484152243455,0.6742821723539671
163.0,163.0,train,6.18247725945941E-4,20.52312729263027,0.585090309079163
164.0,164.0,train,4.2791908810680475E-4,11.633633197892694,0.4560396632082315
165.0,165.0,train,9.844572585804648E-4,56.563860317978815,0.7535923105983764
166.0,166.0,train,9.246888934271544E-4,49.53184676225947,0.731720096986253
167.0,167.0,train,5.986309300814055E-4,19.795289329102342,0.5733460357544475
168.0,168.0,train,7.509006794198754E-4,27.260824403385794,0.6564573710717476
169.0,169.0,train,0.0010634739423819328,64.51072247394804,0.7797956641722315
170.0,170.0,train,6.48407190629463E-4,22.045950242224208,0.6025188608837992
171.0,171.0,train,0.0012038856100384633,88.58036797748382,0.8196739699393015
172.0,172.0,train,0.0012038856100384633,88.58036797748382,0.8196739699393015
173.0,173.0,train,0.0012038856100384633,88.58036797748382,0.8196739699393015
174.0,174.0,train,7.843517127115519E-4,32.73557304654044,0.6724259005401467
175.0,175.0,train,0.001019068461364832,61.88383435091138,0.7654333582602795
176.0,176.0,train,8.417598569514009E-4,41.81499432356142,0.6981201185073611
177.0,177.0,train,9.957433347125492E-4,61.10525104364337,0.7575177120428425
178.0,178.0,train,0.0011061628182322113,83.92465229175002,0.7927730387305982
179.0,179.0,train,7.779047107013004E-4,31.958704006201202,0.6694071297093139
180.0,180.0,train,9.919344007416962E-4,59.0146935152256,0.7561999707355442
181.0,181.0,train,7.871937391953369E-4,33.44258060288757,0.6737478935346106
182.0,182.0,train,5.230614648508663E-4,16.786559344261736,0.5249121044136804
183.0,183.0,train,7.803129316920814E-4,32.30662317154977,0.6705380063924078
184.0,184.0,train,4.2791908810680475E-4,11.633633197892694,0.4560396632082315
185.0,185.0,train,5.198473957431169E-4,16.699606361811952,0.5227344351608015
186.0,186.0,train,9.844572585804648E-4,56.563860317978815,0.7535923105983764
187.0,187.0,train,5.040866262377751E-4,15.429028194766932,0.5119104895120314
188.0,188.0,train,7.509006794198754E-4,27.260824403385794,0.6564573710717476
189.0,189.0,train,6.403966881034763E-6,0.47514628942506043,0.009070708487663004
190.0,190.0,train,0.0012038856100384633,88.58036797748382,0.8196739699393015
191.0,191.0,train,0.0012038856100384633,88.58036797748382,0.8196739699393015
192.0,192.0,train,0.0012038856100384633,88.58036797748382,0.8196739699393015
193.0,193.0,train,7.843517127115519E-4,32.73557304654044,0.6724259005401467
194.0,194.0,train,6.753139389564878E-4,24.39010239998616,0.6174488690420041
195.0,195.0,train,6.753139389564878E-4,24.39010239998616,0.6174488690420041
196.0,196.0,train,2.976089503661619E-5,2.202821577715983,0.041462201282670974
197.0,197.0,train,0.0011061628182322113,83.92465229175002,0.7927730387305982
198.0,198.0,train,7.779047107013004E-4,31.958704006201202,0.6694071297093139
199.0,199.0,train,7.174476808299672E-4,25.965831735785205,0.6397094027877365
200.0,200.0,train,7.871937391953369E-4,33.44258060288757,0.6737478935346106
201.0,201.0,train,9.844572585804648E-4,56.563860317978815,0.7535923105983764
202.0,202.0,train,9.844572585804648E-4,56.563860317978815,0.7535923105983764
203.0,203.0,train,9.844572585804648E-4,56.563860317978815,0.7535923105983764
204.0,204.0,train,5.230614648508663E-4,16.786559344261736,0.5249121044136804
205.0,205.0,train,9.844572585804648E-4,56.563860317978815,0.7535923105983764
206.0,206.0,train,5.040866262377751E-4,15.429028194766932,0.5119104895120314
207.0,207.0,train,7.509006794198754E-4,27.260824403385794,0.6564573710717476
208.0,208.0,train,9.844572585804648E-4,56.563860317978815,0.7535923105983764
209.0,209.0,train,0.0012038856100384633,88.58036797748382,0.8196739699393015
210.0,210.0,train,0.0012038856100384633,88.58036797748382,0.8196739699393015
211.0,211.0,train,4.2601383444198154E-4,11.504121775740295,0.45456301124925846
212.0,212.0,train,6.753139389564878E-4,24.39010239998616,0.6174488690420041
213.0,213.0,train,0.0011022349088469455,72.86247064715904,0.7916116136297093
214.0,214.0,train,9.957433347125492E-4,61.10525104364337,0.7575177120428425
215.0,215.0,train,0.0011061628182322113,83.92465229175002,0.7927730387305982
216.0,216.0,train,9.355594011646222E-4,51.587764687989356,0.7358377797005389
217.0,217.0,train,7.974060333486439E-4,36.16803907556855,0.6784543539728098
218.0,218.0,train,7.871937391953369E-4,33.44258060288757,0.6737478935346106
219.0,219.0,train,7.871937391953369E-4,33.44258060288757,0.6737478935346106
220.0,220.0,train,5.040866262377751E-4,15.429028194766932,0.5119104895120314
221.0,221.0,train,8.093586216783576E-4,36.78425307814185,0.6838766855702111
222.0,222.0,train,9.844572585804648E-4,56.563860317978815,0.7535923105983764
223.0,223.0,train,7.509006794198754E-4,27.260824403385794,0.6564573710717476
224.0,224.0,train,9.844572585804648E-4,56.563860317978815,0.7535923105983764
225.0,225.0,train,4.8860252533885855E-5,3.1342432195350223,0.06716079952669785
226.0,226.0,train,9.844572585804648E-4,56.563860317978815,0.7535923105983764
227.0,227.0,train,0.0012038856100384633,88.58036797748382,0.8196739699393015
228.0,228.0,train,0.0012038856100384633,88.58036797748382,0.8196739699393015
229.0,229.0,train,8.782319963915801E-4,44.127702484656595,0.7133867932955078
230.0,230.0,train,0.0011022349088469455,72.86247064715904,0.7916116136297093
231.0,231.0,train,9.957433347125492E-4,61.10525104364337,0.7575177120428425
232.0,232.0,train,0.0011061628182322113,83.92465229175002,0.7927730387305982
233.0,233.0,train,0.0012478126393930746,97.1259176253063,0.8305998865407626
234.0,234.0,train,7.871937391953369E-4,33.44258060288757,0.6737478935346106
235.0,235.0,train,7.871937391953369E-4,33.44258060288757,0.6737478935346106
236.0,236.0,train,9.844572585804648E-4,56.563860317978815,0.7535923105983764
237.0,237.0,train,5.040866262377751E-4,15.429028194766932,0.5119104895120314
238.0,238.0,train,8.308373313418163E-6,0.6338683466706885,0.011752242571704152
239.0,239.0,train,9.844572585804648E-4,56.563860317978815,0.7535923105983764
240.0,240.0,train,9.844572585804648E-4,56.563860317978815,0.7535923105983764
241.0,241.0,train,5.040866262377751E-4,15.429028194766932,0.5119104895120314
242.0,242.0,train,4.2791908810680475E-4,11.633633197892694,0.4560396632082315
243.0,243.0,train,0.0013121102016979437,98.50488881402761,0.84541014373621
244.0,244.0,train,0.0012038856100384633,88.58036797748382,0.8196739699393015
245.0,245.0,train,0.0012038856100384633,88.58036797748382,0.8196739699393015
246.0,246.0,train,8.782319963915801E-4,44.127702484656595,0.7133867932955078
247.0,247.0,train,6.753139389564878E-4,24.39010239998616,0.6174488690420041
248.0,248.0,train,0.0011471951076995413,86.59433334934855,0.8045253971225619
249.0,249.0,train,9.957433347125492E-4,61.10525104364337,0.7575177120428425
250.0,250.0,train,0.0011061628182322113,83.92465229175002,0.7927730387305982
251.0,251.0,train,9.355594011646222E-4,51.587764687989356,0.7358377797005389
252.0,252.0,train,0.0012478126393930746,97.1259176253063,0.8305998865407626
253.0,253.0,train,7.871937391953369E-4,33.44258060288757,0.6737478935346106
254.0,254.0,train,7.871937391953369E-4,33.44258060288757,0.6737478935346106
255.0,255.0,train,4.666349723428977E-4,13.304753416469126,0.48519502126600356
256.0,256.0,train,9.844572585804648E-4,56.563860317978815,0.7535923105983764
257.0,257.0,train,7.509006794198754E-4,27.260824403385794,0.6564573710717476
258.0,258.0,train,4.2791908810680475E-4,11.633633197892694,0.4560396632082315
259.0,259.0,train,0.0013121102016979437,98.50488881402761,0.84541014373621
260.0,260.0,train,9.844572585804648E-4,56.563860317978815,0.7535923105983764
261.0,261.0,train,0.0012038856100384633,88.58036797748382,0.8196739699393015
262.0,262.0,train,0.0012038856100384633,88.58036797748382,0.8196739699393015
263.0,263.0,train,8.782319963915801E-4,44.127702484656595,0.7133867932955078
264.0,264.0,train,6.753139389564878E-4,24.39010239998616,0.6174488690420041
265.0,265.0,train,9.957433347125492E-4,61.10525104364337,0.7575177120428425
266.0,266.0,train,0.0011061628182322113,83.92465229175002,0.7927730387305982
267.0,267.0,train,9.355594011646222E-4,51.587764687989356,0.7358377797005389
268.0,268.0,train,7.871937391953369E-4,33.44258060288757,0.6737478935346106
269.0,269.0,train,7.871937391953369E-4,33.44258060288757,0.6737478935346106
270.0,270.0,train,4.2791908810680475E-4,11.633633197892694,0.4560396632082315
271.0,271.0,train,9.844572585804648E-4,56.563860317978815,0.7535923105983764
272.0,272.0,train,9.844572585804648E-4,56.563860317978815,0.7535923105983764
273.0,273.0,train,9.844572585804648E-4,56.563860317978815,0.7535923105983764
274.0,274.0,train,7.509006794198754E-4,27.260824403385794,0.6564573710717476
275.0,275.0,train,4.2791908810680475E-4,11.633633197892694,0.4560396632082315
276.0,276.0,train,4.2791908810680475E-4,11.633633197892694,0.4560396632082315
277.0,277.0,train,0.0012478126393930746,97.1259176253063,0.8305998865407626
278.0,278.0,train,6.753139389564878E-4,24.39010239998616,0.6174488690420041
279.0,279.0,train,5.429851289379881E-4,17.66374147805996,0.5381912795362284
280.0,280.0,train,9.957433347125492E-4,61.10525104364337,0.7575177120428425
281.0,281.0,train,0.0011061628182322113,83.92465229175002,0.7927730387305982
282.0,282.0,train,9.355594011646222E-4,51.587764687989356,0.7358377797005389
283.0,283.0,train,0.0012478126393930746,97.1259176253063,0.8305998865407626
284.0,284.0,train,7.871937391953369E-4,33.44258060288757,0.6737478935346106
285.0,285.0,train,7.871937391953369E-4,33.44258060288757,0.6737478935346106
286.0,286.0,train,9.844572585804648E-4,56.563860317978815,0.7535923105983764
287.0,287.0,train,9.844572585804648E-4,56.563860317978815,0.7535923105983764
288.0,288.0,train,9.844572585804648E-4,56.563860317978815,0.7535923105983764
289.0,289.0,train,9.844572585804648E-4,56.563860317978815,0.7535923105983764
290.0,290.0,train,0.001174341774098298,88.34206008531592,0.8119319392016772
291.0,291.0,train,7.509006794198754E-4,27.260824403385794,0.6564573710717476
292.0,292.0,train,9.943917899053255E-4,59.271341785299356,0.7570509479629268
293.0,293.0,train,0.0012038856100384633,88.58036797748382,0.8196739699393015
294.0,294.0,train,0.0012038856100384633,88.58036797748382,0.8196739699393015
295.0,295.0,train,0.0012038856100384633,88.58036797748382,0.8196739699393015
296.0,296.0,train,7.843517127115519E-4,32.73557304654044,0.6724259005401467
297.0,297.0,train,0.001019068461364832,61.88383435091138,0.7654333582602795
298.0,298.0,train,6.753139389564878E-4,24.39010239998616,0.6174488690420041
299.0,299.0,train,8.417598569514009E-4,41.81499432356142,0.6981201185073611
300.0,300.0,train,9.957433347125492E-4,61.10525104364337,0.7575177120428425
301.0,301.0,train,6.000668424351485E-5,3.589652132024443,0.08183899022180907
302.0,302.0,train,0.0011061628182322113,83.92465229175002,0.7927730387305982
303.0,303.0,train,6.668565757371538E-4,22.48753094752327,0.612817498745792
304.0,304.0,train,0.0012478126393930746,97.1259176253063,0.8305998865407626
305.0,305.0,train,7.871937391953369E-4,33.44258060288757,0.6737478935346106
306.0,306.0,train,7.883456031414944E-4,35.33484152243455,0.6742821723539671
307.0,307.0,train,4.666349723428977E-4,13.304753416469126,0.48519502126600356
308.0,308.0,train,9.844572585804648E-4,56.563860317978815,0.7535923105983764
309.0,309.0,train,9.844572585804648E-4,56.563860317978815,0.7535923105983764
310.0,310.0,train,0.0010351591418522354,62.632818162818864,0.7707427873230761
311.0,311.0,train,0.001174341774098298,88.34206008531592,0.8119319392016772
312.0,312.0,train,4.6469931922386946E-4,13.094776389902147,0.48377518660745067
313.0,313.0,train,5.040866262377751E-4,15.429028194766932,0.5119104895120314
314.0,314.0,train,0.0012038856100384633,88.58036797748382,0.8196739699393015
315.0,315.0,train,0.0012038856100384633,88.58036797748382,0.8196739699393015
316.0,316.0,train,0.0012038856100384633,88.58036797748382,0.8196739699393015
317.0,317.0,train,7.843517127115519E-4,32.73557304654044,0.6724259005401467
318.0,318.0,train,0.001019068461364832,61.88383435091138,0.7654333582602795
319.0,319.0,train,6.753139389564878E-4,24.39010239998616,0.6174488690420041
320.0,320.0,train,8.417598569514009E-4,41.81499432356142,0.6981201185073611
321.0,321.0,train,9.957433347125492E-4,61.10525104364337,0.7575177120428425
322.0,322.0,train,0.0011061628182322113,83.92465229175002,0.7927730387305982
323.0,323.0,train,7.779047107013004E-4,31.958704006201202,0.6694071297093139
324.0,324.0,train,8.885773733380492E-4,46.168090563914305,0.7175749147807287
325.0,325.0,train,9.919344007416962E-4,59.0146935152256,0.7561999707355442
326.0,326.0,train,7.871937391953369E-4,33.44258060288757,0.6737478935346106
327.0,327.0,train,5.198473957431169E-4,16.699606361811952,0.5227344351608015
328.0,328.0,train,7.974060333486439E-4,36.16803907556855,0.6784543539728098
329.0,329.0,train,9.844572585804648E-4,56.563860317978815,0.7535923105983764
330.0,330.0,train,9.844572585804648E-4,56.563860317978815,0.7535923105983764
331.0,331.0,train,9.844572585804648E-4,56.563860317978815,0.7535923105983764
332.0,332.0,train,7.509006794198754E-4,27.260824403385794,0.6564573710717476
333.0,333.0,train,5.75342974278528E-4,18.501970124095426,0.558971569756161
334.0,334.0,train,5.230614648508663E-4,16.786559344261736,0.5249121044136804
335.0,335.0,train,0.0012038856100384633,88.58036797748382,0.8196739699393015
336.0,336.0,train,7.168578801162767E-4,25.932598625134865,0.6394069136628298
337.0,337.0,train,0.0012478126393930746,97.1259176253063,0.8305998865407626
338.0,338.0,train,6.753139389564878E-4,24.39010239998616,0.6174488690420041
339.0,339.0,train,8.417598569514009E-4,41.81499432356142,0.6981201185073611
340.0,340.0,train,0.0011061628182322113,83.92465229175002,0.7927730387305982
341.0,341.0,train,0.0012478126393930746,97.1259176253063,0.8305998865407626
342.0,342.0,train,7.871937391953369E-4,33.44258060288757,0.6737478935346106
343.0,343.0,train,4.2791908810680475E-4,11.633633197892694,0.4560396632082315
344.0,344.0,train,9.844572585804648E-4,56.563860317978815,0.7535923105983764
345.0,345.0,train,9.844572585804648E-4,56.563860317978815,0.7535923105983764
346.0,346.0,train,9.844572585804648E-4,56.563860317978815,0.7535923105983764
347.0,347.0,train,0.001174341774098298,88.34206008531592,0.8119319392016772
348.0,348.0,train,5.75342974278528E-4,18.501970124095426,0.558971569756161
349.0,349.0,train,5.040866262377751E-4,15.429028194766932,0.5119104895120314
350.0,350.0,train,0.0012038856100384633,88.58036797748382,0.8196739699393015
351.0,351.0,train,0.0012038856100384633,88.58036797748382,0.8196739699393015
352.0,352.0,train,0.0012038856100384633,88.58036797748382,0.8196739699393015
353.0,353.0,train,7.843517127115519E-4,32.73557304654044,0.6724259005401467
354.0,354.0,train,0.0010488582708399578,63.56952381268541,0.7751682577635824
355.0,355.0,train,6.753139389564878E-4,24.39010239998616,0.6174488690420041
356.0,356.0,train,8.417598569514009E-4,41.81499432356142,0.6981201185073611
357.0,357.0,train,9.957433347125492E-4,61.10525104364337,0.7575177120428425
358.0,358.0,train,0.0011061628182322113,83.92465229175002,0.7927730387305982
359.0,359.0,train,0.0012478126393930746,97.1259176253063,0.8305998865407626
360.0,360.0,train,7.871937391953369E-4,33.44258060288757,0.6737478935346106
361.0,361.0,train,5.040866262377751E-4,15.429028194766932,0.5119104895120314
362.0,362.0,train,9.844572585804648E-4,56.563860317978815,0.7535923105983764
363.0,363.0,train,9.844572585804648E-4,56.563860317978815,0.7535923105983764
364.0,364.0,train,0.001174341774098298,88.34206008531592,0.8119319392016772
365.0,365.0,train,8.280470072806607E-4,40.61915277765188,0.6921720631403143
366.0,366.0,train,7.509006794198754E-4,27.260824403385794,0.6564573710717476
367.0,367.0,train,7.059843068971412E-4,25.50416816052081,0.6337844977096827
368.0,368.0,train,5.906658142089899E-4,19.26033281274954,0.568483077651174
369.0,369.0,train,0.0012038856100384633,88.58036797748382,0.8196739699393015
370.0,370.0,train,0.0012038856100384633,88.58036797748382,0.8196739699393015
371.0,371.0,train,7.843517127115519E-4,32.73557304654044,0.6724259005401467
372.0,372.0,train,0.0010401064530704157,63.01846846871816,0.7723509642856081
373.0,373.0,train,6.753139389564878E-4,24.39010239998616,0.6174488690420041
374.0,374.0,train,9.957433347125492E-4,61.10525104364337,0.7575177120428425
375.0,375.0,train,2.976089503661619E-5,2.202821577715983,0.041462201282670974
376.0,376.0,train,0.0011061628182322113,83.92465229175002,0.7927730387305982
377.0,377.0,train,7.779047107013004E-4,31.958704006201202,0.6694071297093139
378.0,378.0,train,8.885773733380492E-4,46.168090563914305,0.7175749147807287
379.0,379.0,train,9.919344007416962E-4,59.0146935152256,0.7561999707355442
380.0,380.0,train,7.871937391953369E-4,33.44258060288757,0.6737478935346106
381.0,381.0,train,5.230614648508663E-4,16.786559344261736,0.5249121044136804
382.0,382.0,train,1.8588647581555163E-4,6.822485901533318,0.232406337550622
383.0,383.0,train,4.2791908810680475E-4,11.633633197892694,0.4560396632082315
384.0,384.0,train,9.844572585804648E-4,56.563860317978815,0.7535923105983764
385.0,385.0,train,5.040866262377751E-4,15.429028194766932,0.5119104895120314
386.0,386.0,train,7.509006794198754E-4,27.260824403385794,0.6564573710717476
387.0,387.0,train,0.0013945682566428711,99.74248499291505,0.8625242788771289
388.0,388.0,train,0.0012038856100384633,88.58036797748382,0.8196739699393015
389.0,389.0,train,0.0012038856100384633,88.58036797748382,0.8196739699393015
390.0,390.0,train,6.935162791964828E-4,24.939780480203847,0.6272296623696747
391.0,391.0,train,6.753139389564878E-4,24.39010239998616,0.6174488690420041
392.0,392.0,train,6.753139389564878E-4,24.39010239998616,0.6174488690420041
393.0,393.0,train,9.957433347125492E-4,61.10525104364337,0.7575177120428425
394.0,394.0,train,2.976089503661619E-5,2.202821577715983,0.041462201282670974
395.0,395.0,train,0.0011061628182322113,83.92465229175002,0.7927730387305982
396.0,396.0,train,7.779047107013004E-4,31.958704006201202,0.6694071297093139
397.0,397.0,train,9.103442956103356E-4,47.416814934200346,0.7261880548737365
398.0,398.0,train,8.467351617292705E-4,42.82689981439097,0.7002496634941813
399.0,399.0,train,7.871937391953369E-4,33.44258060288757,0.6737478935346106
400.0,400.0,train,9.844572585804648E-4,56.563860317978815,0.7535923105983764
401.0,401.0,train,8.467351617292705E-4,42.82689981439097,0.7002496634941813
402.0,402.0,train,9.844572585804648E-4,56.563860317978815,0.7535923105983764
403.0,403.0,train,4.2791908810680475E-4,11.633633197892694,0.4560396632082315
404.0,404.0,train,9.844572585804648E-4,56.563860317978815,0.7535923105983764
405.0,405.0,train,5.040866262377751E-4,15.429028194766932,0.5119104895120314
406.0,406.0,train,7.366996877105851E-4,26.579127632561406,0.6494450184274809
407.0,407.0,train,4.2791908810680475E-4,11.633633197892694,0.4560396632082315
408.0,408.0,train,0.0012038856100384633,88.58036797748382,0.8196739699393015
409.0,409.0,train,0.0012038856100384633,88.58036797748382,0.8196739699393015
410.0,410.0,train,4.2601383444198154E-4,11.504121775740295,0.45456301124925846
411.0,411.0,train,6.753139389564878E-4,24.39010239998616,0.6174488690420041
412.0,412.0,train,0.0011022349088469455,72.86247064715904,0.7916116136297093
413.0,413.0,train,9.957433347125492E-4,61.10525104364337,0.7575177120428425
414.0,414.0,train,0.0011061628182322113,83.92465229175002,0.7927730387305982
415.0,415.0,train,8.885773733380492E-4,46.168090563914305,0.7175749147807287
416.0,416.0,train,7.974060333486439E-4,36.16803907556855,0.6784543539728098
417.0,417.0,train,7.871937391953369E-4,33.44258060288757,0.6737478935346106
418.0,418.0,train,7.871937391953369E-4,33.44258060288757,0.6737478935346106
419.0,419.0,train,5.042985458463686E-4,15.523471944412751,0.5120576443139158
420.0,420.0,train,5.040866262377751E-4,15.429028194766932,0.5119104895120314
421.0,421.0,train,1.9117101018777753E-4,7.000485247766293,0.2381564407284169
422.0,422.0,train,5.040866262377751E-4,15.429028194766932,0.5119104895120314
423.0,423.0,train,5.040866262377751E-4,15.429028194766932,0.5119104895120314
424.0,424.0,train,7.509006794198754E-4,27.260824403385794,0.6564573710717476
425.0,425.0,train,7.366996877105851E-4,26.579127632561406,0.6494450184274809
426.0,426.0,train,9.844572585804648E-4,56.563860317978815,0.7535923105983764
427.0,427.0,train,0.0012038856100384633,88.58036797748382,0.8196739699393015
428.0,428.0,train,0.0012038856100384633,88.58036797748382,0.8196739699393015
429.0,429.0,train,6.753139389564878E-4,24.39010239998616,0.6174488690420041
430.0,430.0,train,0.0011022349088469455,72.86247064715904,0.7916116136297093
431.0,431.0,train,9.957433347125492E-4,61.10525104364337,0.7575177120428425
432.0,432.0,train,8.885773733380492E-4,46.168090563914305,0.7175749147807287
433.0,433.0,train,7.974060333486439E-4,36.16803907556855,0.6784543539728098
434.0,434.0,train,7.871937391953369E-4,33.44258060288757,0.6737478935346106
435.0,435.0,train,7.871937391953369E-4,33.44258060288757,0.6737478935346106
436.0,436.0,train,4.2791908810680475E-4,11.633633197892694,0.4560396632082315
437.0,437.0,train,5.040866262377751E-4,15.429028194766932,0.5119104895120314
438.0,438.0,train,4.585202486589425E-4,12.860959017485001,0.47921647723097227
439.0,439.0,train,9.844572585804648E-4,56.563860317978815,0.7535923105983764
440.0,440.0,train,7.509006794198754E-4,27.260824403385794,0.6564573710717476
441.0,441.0,train,5.942990806138925E-4,19.504352105162596,0.5707081404171153
442.0,442.0,train,0.0012038856100384633,88.58036797748382,0.8196739699393015
443.0,443.0,train,0.0012038856100384633,88.58036797748382,0.8196739699393015
444.0,444.0,train,6.935162791964828E-4,24.939780480203847,0.6272296623696747
445.0,445.0,train,6.753139389564878E-4,24.39010239998616,0.6174488690420041
446.0,446.0,train,6.753139389564878E-4,24.39010239998616,0.6174488690420041
447.0,447.0,train,9.957433347125492E-4,61.10525104364337,0.7575177120428425
448.0,448.0,train,0.0011061628182322113,83.92465229175002,0.7927730387305982
449.0,449.0,train,7.779047107013004E-4,31.958704006201202,0.6694071297093139
450.0,450.0,train,9.103442956103356E-4,47.416814934200346,0.7261880548737365
451.0,451.0,train,5.374292466754152E-4,17.455670272439647,0.5345260411934973
452.0,452.0,train,9.844572585804648E-4,56.563860317978815,0.7535923105983764
453.0,453.0,train,7.701480827052251E-4,30.29023017013159,0.6657382408708865
454.0,454.0,train,9.844572585804648E-4,56.563860317978815,0.7535923105983764
455.0,455.0,train,4.2791908810680475E-4,11.633633197892694,0.4560396632082315
456.0,456.0,train,4.666349723428977E-4,13.304753416469126,0.48519502126600356
457.0,457.0,train,5.040866262377751E-4,15.429028194766932,0.5119104895120314
458.0,458.0,train,7.509006794198754E-4,27.260824403385794,0.6564573710717476
459.0,459.0,train,5.942990806138925E-4,19.504352105162596,0.5707081404171153
460.0,460.0,train,5.040866262377751E-4,15.429028194766932,0.5119104895120314
461.0,461.0,train,0.0012038856100384633,88.58036797748382,0.8196739699393015
462.0,462.0,train,6.753139389564878E-4,24.39010239998616,0.6174488690420041
463.0,463.0,train,6.753139389564878E-4,24.39010239998616,0.6174488690420041
464.0,464.0,train,9.957433347125492E-4,61.10525104364337,0.7575177120428425
465.0,465.0,train,0.0011061628182322113,83.92465229175002,0.7927730387305982
466.0,466.0,train,4.899127376960241E-4,13.854952459614063,0.5019668693816823
467.0,467.0,train,9.103442956103356E-4,47.416814934200346,0.7261880548737365
468.0,468.0,train,7.871937391953369E-4,33.44258060288757,0.6737478935346106
469.0,469.0,train,7.871937391953369E-4,33.44258060288757,0.6737478935346106
470.0,470.0,train,9.844572585804648E-4,56.563860317978815,0.7535923105983764
471.0,471.0,train,7.701480827052251E-4,30.29023017013159,0.6657382408708865
472.0,472.0,train,9.844572585804648E-4,56.563860317978815,0.7535923105983764
473.0,473.0,train,9.844572585804648E-4,56.563860317978815,0.7535923105983764
474.0,474.0,train,6.450297127978627E-4,21.91652157204518,0.6006040657953651
475.0,475.0,train,6.269914689515744E-4,20.772834329107408,0.5902203574661136
476.0,476.0,train,7.1183178572352E-4,25.704164103580222,0.6368188723933166
477.0,477.0,train,0.0011026777758245967,72.89656161565536,0.7917428877992287
478.0,478.0,train,0.0011026777758245967,72.89656161565536,0.7917428877992287
479.0,479.0,train,0.0011026777758245967,72.89656161565536,0.7917428877992287
480.0,480.0,train,0.0010709601683274081,64.73517426695852,0.7821288379608702
481.0,481.0,train,0.0010709601683274081,64.73517426695852,0.7821288379608702
482.0,482.0,train,4.1807866137199667E-4,11.214494871133365,0.44836967919554094
483.0,483.0,train,6.041641625376763E-4,20.035819398245895,0.5766919552556169
484.0,484.0,train,0.0010709601683274081,64.73517426695852,0.7821288379608702
485.0,485.0,train,0.0011026777758245967,72.89656161565536,0.7917428877992287
486.0,486.0,train,0.0011026777758245967,72.89656161565536,0.7917428877992287
487.0,487.0,train,0.0011026777758245967,72.89656161565536,0.7917428877992287
488.0,488.0,train,0.0012465853128561851,94.00922410498596,0.8303037974631133
489.0,489.0,train,7.502184038691704E-4,27.179635646153862,0.6561236984576624
490.0,490.0,train,8.146339883129788E-4,37.29866623770931,0.686240696793992
491.0,491.0,train,9.86267133889258E-4,58.32182478637183,0.7542260535205616
492.0,492.0,train,4.1500018281652944E-4,10.916947352835031,0.44594806429644884
493.0,493.0,train,9.7963847571487E-4,53.27354798108942,0.7518969946565253
494.0,494.0,train,7.525643415609795E-4,28.462487990675367,0.6572696424242729
495.0,495.0,train,9.48879750156205E-4,52.526744992269116,0.740797377398673
496.0,496.0,train,0.0011026777758245967,72.89656161565536,0.7917428877992287
497.0,497.0,train,3.6057213529880973E-4,10.018598589371235,0.4013343921125109
498.0,498.0,train,0.0010709601683274081,64.73517426695852,0.7821288379608702
499.0,499.0,train,0.0010709601683274081,64.73517426695852,0.7821288379608702
500.0,500.0,train,8.87662886701834E-4,44.56976710474488,0.7172071818582589
501.0,501.0,train,0.0011026777758245967,72.89656161565536,0.7917428877992287
502.0,502.0,train,0.0012465853128561851,94.00922410498596,0.8303037974631133
503.0,503.0,train,0.0011026777758245967,72.89656161565536,0.7917428877992287
504.0,504.0,train,0.0011026777758245967,72.89656161565536,0.7917428877992287
505.0,505.0,train,0.0012465853128561851,94.00922410498596,0.8303037974631133
506.0,506.0,train,7.502184038691704E-4,27.179635646153862,0.6561236984576624
507.0,507.0,train,8.146339883129788E-4,37.29866623770931,0.686240696793992
508.0,508.0,train,1.5710482783963807E-4,6.262419940329634,0.2003185703395134
509.0,509.0,train,0.0012465853128561851,94.00922410498596,0.8303037974631133
510.0,510.0,train,0.0011026777758245967,72.89656161565536,0.7917428877992287
511.0,511.0,train,0.0011026777758245967,72.89656161565536,0.7917428877992287
512.0,512.0,train,0.0010709601683274081,64.73517426695852,0.7821288379608702
513.0,513.0,train,0.0010709601683274081,64.73517426695852,0.7821288379608702
514.0,514.0,train,0.0010709601683274081,64.73517426695852,0.7821288379608702
515.0,515.0,train,8.87662886701834E-4,44.56976710474488,0.7172071818582589
516.0,516.0,train,0.0011026777758245967,72.89656161565536,0.7917428877992287
517.0,517.0,train,0.0012465853128561851,94.00922410498596,0.8303037974631133
518.0,518.0,train,0.0011026777758245967,72.89656161565536,0.7917428877992287
519.0,519.0,train,0.0012465853128561851,94.00922410498596,0.8303037974631133
520.0,520.0,train,9.355594011646222E-4,51.587764687989356,0.7358377797005389
521.0,521.0,train,8.146339883129788E-4,37.29866623770931,0.686240696793992
522.0,522.0,train,1.5710482783963807E-4,6.262419940329634,0.2003185703395134
523.0,523.0,train,1.8494404659308777E-4,6.790741957564472,0.2313763294474902
524.0,524.0,train,0.001136005145407982,86.25251322226923,0.8013881388887204
525.0,525.0,train,0.0011026777758245967,72.89656161565536,0.7917428877992287
526.0,526.0,train,0.0010709601683274081,64.73517426695852,0.7821288379608702
527.0,527.0,train,0.0010709601683274081,64.73517426695852,0.7821288379608702
528.0,528.0,train,0.0010709601683274081,64.73517426695852,0.7821288379608702
529.0,529.0,train,0.0010709601683274081,64.73517426695852,0.7821288379608702
530.0,530.0,train,8.87662886701834E-4,44.56976710474488,0.7172071818582589
531.0,531.0,train,0.0011026777758245967,72.89656161565536,0.7917428877992287
532.0,532.0,train,0.0012465853128561851,94.00922410498596,0.8303037974631133
533.0,533.0,train,0.0011026777758245967,72.89656161565536,0.7917428877992287
534.0,534.0,train,0.0011026777758245967,72.89656161565536,0.7917428877992287
535.0,535.0,train,0.0011026777758245967,72.89656161565536,0.7917428877992287
536.0,536.0,train,8.146339883129788E-4,37.29866623770931,0.686240696793992
537.0,537.0,train,8.146339883129788E-4,37.29866623770931,0.686240696793992
538.0,538.0,train,8.146339883129788E-4,37.29866623770931,0.686240696793992
539.0,539.0,train,0.0010709601683274081,64.73517426695852,0.7821288379608702
540.0,540.0,train,0.001136005145407982,86.25251322226923,0.8013881388887204
541.0,541.0,train,0.0011026777758245967,72.89656161565536,0.7917428877992287
542.0,542.0,train,0.0011026777758245967,72.89656161565536,0.7917428877992287
543.0,543.0,train,0.001136005145407982,86.25251322226923,0.8013881388887204
544.0,544.0,train,0.0010709601683274081,64.73517426695852,0.7821288379608702
545.0,545.0,train,0.0010709601683274081,64.73517426695852,0.7821288379608702
546.0,546.0,train,0.0010709601683274081,64.73517426695852,0.7821288379608702
547.0,547.0,train,8.87662886701834E-4,44.56976710474488,0.7172071818582589
548.0,548.0,train,0.0010407370660631596,63.04795626556264,0.7725551395832493
549.0,549.0,train,0.0012465853128561851,94.00922410498596,0.8303037974631133
550.0,550.0,train,0.0011026777758245967,72.89656161565536,0.7917428877992287
551.0,551.0,train,0.0011026777758245967,72.89656161565536,0.7917428877992287
552.0,552.0,train,0.0012465853128561851,94.00922410498596,0.8303037974631133
553.0,553.0,train,0.0011515127917313013,87.04605172331974,0.8057226258241799
554.0,554.0,train,8.146339883129788E-4,37.29866623770931,0.686240696793992
555.0,555.0,train,8.146339883129788E-4,37.29866623770931,0.686240696793992
556.0,556.0,train,7.502184038691704E-4,27.179635646153862,0.6561236984576624
557.0,557.0,train,0.0011026777758245967,72.89656161565536,0.7917428877992287
558.0,558.0,train,0.0011026777758245967,72.89656161565536,0.7917428877992287
559.0,559.0,train,0.0011026777758245967,72.89656161565536,0.7917428877992287
560.0,560.0,train,4.1913950398140827E-4,11.277525474486561,0.4492017123820067
561.0,561.0,train,0.0010709601683274081,64.73517426695852,0.7821288379608702
562.0,562.0,train,0.0010709601683274081,64.73517426695852,0.7821288379608702
563.0,563.0,train,0.0010709601683274081,64.73517426695852,0.7821288379608702
564.0,564.0,train,8.87662886701834E-4,44.56976710474488,0.7172071818582589
565.0,565.0,train,0.0010312896439555479,62.426185695223545,0.7694770515710798
566.0,566.0,train,0.0011026777758245967,72.89656161565536,0.7917428877992287
567.0,567.0,train,0.0011026777758245967,72.89656161565536,0.7917428877992287
568.0,568.0,train,8.376869054680119E-4,41.31161314007327,0.6963655442488801
569.0,569.0,train,0.0012465853128561851,94.00922410498596,0.8303037974631133
570.0,570.0,train,9.355594011646222E-4,51.587764687989356,0.7358377797005389
571.0,571.0,train,0.0010280030869928695,62.11777920463986,0.7683965124705963
572.0,572.0,train,8.146339883129788E-4,37.29866623770931,0.686240696793992
573.0,573.0,train,8.146339883129788E-4,37.29866623770931,0.686240696793992
574.0,574.0,train,0.0010709601683274081,64.73517426695852,0.7821288379608702
575.0,575.0,train,0.0011026777758245967,72.89656161565536,0.7917428877992287
576.0,576.0,train,0.0010709601683274081,64.73517426695852,0.7821288379608702
577.0,577.0,train,0.0010709601683274081,64.73517426695852,0.7821288379608702
578.0,578.0,train,0.0010709601683274081,64.73517426695852,0.7821288379608702
579.0,579.0,train,8.87662886701834E-4,44.56976710474488,0.7172071818582589
580.0,580.0,train,0.0010709601683274081,64.73517426695852,0.7821288379608702
581.0,581.0,train,8.87662886701834E-4,44.56976710474488,0.7172071818582589
582.0,582.0,train,0.0011026777758245967,72.89656161565536,0.7917428877992287
583.0,583.0,train,0.0011026777758245967,72.89656161565536,0.7917428877992287
584.0,584.0,train,0.0011515127917313013,87.04605172331974,0.8057226258241799
585.0,585.0,train,0.0011026777758245967,72.89656161565536,0.7917428877992287
586.0,586.0,train,8.146339883129788E-4,37.29866623770931,0.686240696793992
587.0,587.0,train,6.351555784068506E-4,21.468386629760378,0.594953051512084
588.0,588.0,train,0.0010709601683274081,64.73517426695852,0.7821288379608702
589.0,589.0,train,0.0011026777758245967,72.89656161565536,0.7917428877992287
590.0,590.0,train,0.0011026777758245967,72.89656161565536,0.7917428877992287
591.0,591.0,train,0.0011026777758245967,72.89656161565536,0.7917428877992287
592.0,592.0,train,0.0010709601683274081,64.73517426695852,0.7821288379608702
593.0,593.0,train,0.0010709601683274081,64.73517426695852,0.7821288379608702
594.0,594.0,train,8.87662886701834E-4,44.56976710474488,0.7172071818582589
595.0,595.0,train,8.87662886701834E-4,44.56976710474488,0.7172071818582589
596.0,596.0,train,0.0011026777758245967,72.89656161565536,0.7917428877992287
597.0,597.0,train,0.0011026777758245967,72.89656161565536,0.7917428877992287
598.0,598.0,train,0.0011026777758245967,72.89656161565536,0.7917428877992287
599.0,599.0,train,0.0011026777758245967,72.89656161565536,0.7917428877992287
600.0,600.0,train,8.146339883129788E-4,37.29866623770931,0.686240696793992
601.0,601.0,train,8.146339883129788E-4,37.29866623770931,0.686240696793992
602.0,602.0,train,0.0010709601683274081,64.73517426695852,0.7821288379608702
603.0,603.0,train,0.0011026777758245967,72.89656161565536,0.7917428877992287
604.0,604.0,train,0.0011026777758245967,72.89656161565536,0.7917428877992287
605.0,605.0,train,0.0011026777758245967,72.89656161565536,0.7917428877992287
606.0,606.0,train,0.0011026777758245967,72.89656161565536,0.7917428877992287
607.0,607.0,train,1.8389785324366434E-4,6.755847364949511,0.23023129567893075
608.0,608.0,train,0.0010709601683274081,64.73517426695852,0.7821288379608702
609.0,609.0,train,0.0010709601683274081,64.73517426695852,0.7821288379608702
610.0,610.0,train,8.87662886701834E-4,44.56976710474488,0.7172071818582589
611.0,611.0,train,0.0010709601683274081,64.73517426695852,0.7821288379608702
612.0,612.0,train,4.5557244296925487E-4,12.779731035197619,0.4770275239017706
613.0,613.0,train,0.0011026777758245967,72.89656161565536,0.7917428877992287
614.0,614.0,train,0.0011026777758245967,72.89656161565536,0.7917428877992287
615.0,615.0,train,0.0012465853128561851,94.00922410498596,0.8303037974631133
616.0,616.0,train,7.619728097109819E-4,29.830343593166546,0.6618272512763002
617.0,617.0,train,8.146339883129788E-4,37.29866623770931,0.686240696793992
618.0,618.0,train,8.146339883129788E-4,37.29866623770931,0.686240696793992
619.0,619.0,train,6.041641625376763E-4,20.035819398245895,0.5766919552556169
620.0,620.0,train,0.0010709601683274081,64.73517426695852,0.7821288379608702
621.0,621.0,train,0.0011026777758245967,72.89656161565536,0.7917428877992287
622.0,622.0,train,0.0011026777758245967,72.89656161565536,0.7917428877992287
623.0,623.0,train,0.0011026777758245967,72.89656161565536,0.7917428877992287
624.0,624.0,train,0.0010709601683274081,64.73517426695852,0.7821288379608702
625.0,625.0,train,0.0010709601683274081,64.73517426695852,0.7821288379608702
626.0,626.0,train,0.0010709601683274081,64.73517426695852,0.7821288379608702
627.0,627.0,train,6.041641625376763E-4,20.035819398245895,0.5766919552556169
628.0,628.0,train,0.0010709601683274081,64.73517426695852,0.7821288379608702
629.0,629.0,train,0.0011026777758245967,72.89656161565536,0.7917428877992287
630.0,630.0,train,0.0011026777758245967,72.89656161565536,0.7917428877992287
631.0,631.0,train,0.0011026777758245967,72.89656161565536,0.7917428877992287
632.0,632.0,train,0.0012465853128561851,94.00922410498596,0.8303037974631133
633.0,633.0,train,0.0011026777758245967,72.89656161565536,0.7917428877992287
634.0,634.0,train,6.351555784068506E-4,21.468386629760378,0.594953051512084
635.0,635.0,train,8.146339883129788E-4,37.29866623770931,0.686240696793992
636.0,636.0,train,8.146339883129788E-4,37.29866623770931,0.686240696793992
637.0,637.0,train,4.1500018281652944E-4,10.916947352835031,0.44594806429644884
638.0,638.0,train,0.001093103732806573,72.30569964682527,0.7888864418307315
639.0,639.0,train,0.0011026777758245967,72.89656161565536,0.7917428877992287
640.0,640.0,train,0.0011026777758245967,72.89656161565536,0.7917428877992287
641.0,641.0,train,0.0011026777758245967,72.89656161565536,0.7917428877992287
642.0,642.0,train,0.0010709601683274081,64.73517426695852,0.7821288379608702
643.0,643.0,train,0.0010709601683274081,64.73517426695852,0.7821288379608702
644.0,644.0,train,0.0010709601683274081,64.73517426695852,0.7821288379608702
645.0,645.0,train,3.8023219086053286E-5,2.5780680273329564,0.05266510007110203
646.0,646.0,train,6.041641625376763E-4,20.035819398245895,0.5766919552556169
647.0,647.0,train,0.0010709601683274081,64.73517426695852,0.7821288379608702
648.0,648.0,train,0.0011026777758245967,72.89656161565536,0.7917428877992287
649.0,649.0,train,0.0011026777758245967,72.89656161565536,0.7917428877992287
650.0,650.0,train,0.0011026777758245967,72.89656161565536,0.7917428877992287
651.0,651.0,train,0.0012465853128561851,94.00922410498596,0.8303037974631133
652.0,652.0,train,0.0011026777758245967,72.89656161565536,0.7917428877992287
653.0,653.0,train,8.146339883129788E-4,37.29866623770931,0.686240696793992
654.0,654.0,train,8.146339883129788E-4,37.29866623770931,0.686240696793992
655.0,655.0,train,4.1500018281652944E-4,10.916947352835031,0.44594806429644884
656.0,656.0,train,1.2406567207184883E-4,5.557839036963501,0.16182718695782483
657.0,657.0,train,0.0011515127917313013,87.04605172331974,0.8057226258241799
658.0,658.0,train,0.0011026777758245967,72.89656161565536,0.7917428877992287
659.0,659.0,train,0.0011026777758245967,72.89656161565536,0.7917428877992287
660.0,660.0,train,0.0011026777758245967,72.89656161565536,0.7917428877992287
661.0,661.0,train,0.0010709601683274081,64.73517426695852,0.7821288379608702
662.0,662.0,train,0.0010709601683274081,64.73517426695852,0.7821288379608702
663.0,663.0,train,0.0010709601683274081,64.73517426695852,0.7821288379608702
664.0,664.0,train,8.87662886701834E-4,44.56976710474488,0.7172071818582589
665.0,665.0,train,0.0011026777758245967,72.89656161565536,0.7917428877992287
666.0,666.0,train,0.0012465853128561851,94.00922410498596,0.8303037974631133
667.0,667.0,train,0.0011026777758245967,72.89656161565536,0.7917428877992287
668.0,668.0,train,0.0011026777758245967,72.89656161565536,0.7917428877992287
669.0,669.0,train,0.0012465853128561851,94.00922410498596,0.8303037974631133
670.0,670.0,train,7.502184038691704E-4,27.179635646153862,0.6561236984576624
671.0,671.0,train,8.146339883129788E-4,37.29866623770931,0.686240696793992
672.0,672.0,train,8.146339883129788E-4,37.29866623770931,0.686240696793992
673.0,673.0,train,3.659735843469952E-4,10.19454002174829,0.4059178795514392
674.0,674.0,train,1.8494404659308777E-4,6.790741957564472,0.2313763294474902
675.0,675.0,train,7.619728097109819E-4,29.830343593166546,0.6618272512763002
676.0,676.0,train,0.0011026777758245967,72.89656161565536,0.7917428877992287
677.0,677.0,train,7.021445599846969E-5,3.9471738244507995,0.09507841032970288
678.0,678.0,train,0.0010709601683274081,64.73517426695852,0.7821288379608702
679.0,679.0,train,0.0010709601683274081,64.73517426695852,0.7821288379608702
680.0,680.0,train,0.0010709601683274081,64.73517426695852,0.7821288379608702
681.0,681.0,train,0.0011026777758245967,72.89656161565536,0.7917428877992287
682.0,682.0,train,0.0012465853128561851,94.00922410498596,0.8303037974631133
683.0,683.0,train,0.0011026777758245967,72.89656161565536,0.7917428877992287
684.0,684.0,train,0.0011026777758245967,72.89656161565536,0.7917428877992287
685.0,685.0,train,0.0012465853128561851,94.00922410498596,0.8303037974631133
686.0,686.0,train,9.355594011646222E-4,51.587764687989356,0.7358377797005389
687.0,687.0,train,8.146339883129788E-4,37.29866623770931,0.686240696793992
688.0,688.0,train,8.146339883129788E-4,37.29866623770931,0.686240696793992
689.0,689.0,train,1.5710482783963807E-4,6.262419940329634,0.2003185703395134
690.0,690.0,train,0.001332160792395952,99.29994636691967,0.8497582190263698
691.0,691.0,train,0.0013121102016979437,98.50488881402761,0.84541014373621
692.0,692.0,train,0.0012465853128561851,94.00922410498596,0.8303037974631133
693.0,693.0,train,0.0011026777758245967,72.89656161565536,0.7917428877992287
694.0,694.0,train,0.0010709601683274081,64.73517426695852,0.7821288379608702
695.0,695.0,train,0.0010709601683274081,64.73517426695852,0.7821288379608702
696.0,696.0,train,0.0010709601683274081,64.73517426695852,0.7821288379608702
697.0,697.0,train,8.87662886701834E-4,44.56976710474488,0.7172071818582589
698.0,698.0,train,0.0012465853128561851,94.00922410498596,0.8303037974631133
699.0,699.0,train,0.0011026777758245967,72.89656161565536,0.7917428877992287
700.0,700.0,train,0.0011026777758245967,72.89656161565536,0.7917428877992287
701.0,701.0,train,0.0012465853128561851,94.00922410498596,0.8303037974631133
702.0,702.0,train,9.86267133889258E-4,58.32182478637183,0.7542260535205616
703.0,703.0,train,8.146339883129788E-4,37.29866623770931,0.686240696793992
704.0,704.0,train,8.146339883129788E-4,37.29866623770931,0.686240696793992
705.0,705.0,train,8.146339883129788E-4,37.29866623770931,0.686240696793992
706.0,706.0,train,1.5710482783963807E-4,6.262419940329634,0.2003185703395134
707.0,707.0,train,0.0010709601683274081,64.73517426695852,0.7821288379608702
708.0,708.0,train,0.0013313961562615923,98.90036751411769,0.8495946688138444
709.0,709.0,train,7.502184038691704E-4,27.179635646153862,0.6561236984576624
710.0,710.0,train,0.0011026777758245967,72.89656161565536,0.7917428877992287
711.0,711.0,train,0.0011026777758245967,72.89656161565536,0.7917428877992287
712.0,712.0,train,0.0010709601683274081,64.73517426695852,0.7821288379608702
713.0,713.0,train,0.0010709601683274081,64.73517426695852,0.7821288379608702
714.0,714.0,train,0.0010709601683274081,64.73517426695852,0.7821288379608702
715.0,715.0,train,0.0010709601683274081,64.73517426695852,0.7821288379608702
716.0,716.0,train,8.87662886701834E-4,44.56976710474488,0.7172071818582589
717.0,717.0,train,1.1506904566757963E-4,5.3183695964899,0.15102864169494878
718.0,718.0,train,0.0012465853128561851,94.00922410498596,0.8303037974631133
719.0,719.0,train,0.0011026777758245967,72.89656161565536,0.7917428877992287
720.0,720.0,train,0.0011026777758245967,72.89656161565536,0.7917428877992287
721.0,721.0,train,0.0012465853128561851,94.00922410498596,0.8303037974631133
722.0,722.0,train,7.525643415609795E-4,28.462487990675367,0.6572696424242729
723.0,723.0,train,8.146339883129788E-4,37.29866623770931,0.686240696793992
724.0,724.0,train,8.146339883129788E-4,37.29866623770931,0.686240696793992
725.0,725.0,train,8.146339883129788E-4,37.29866623770931,0.686240696793992
726.0,726.0,train,0.0010709601683274081,64.73517426695852,0.7821288379608702
727.0,727.0,train,0.0011026777758245967,72.89656161565536,0.7917428877992287
728.0,728.0,train,0.0011026777758245967,72.89656161565536,0.7917428877992287
729.0,729.0,train,0.0010407370660631596,63.04795626556264,0.7725551395832493
730.0,730.0,train,0.0010709601683274081,64.73517426695852,0.7821288379608702
731.0,731.0,train,0.0010709601683274081,64.73517426695852,0.7821288379608702
732.0,732.0,train,0.0010709601683274081,64.73517426695852,0.7821288379608702
733.0,733.0,train,8.87662886701834E-4,44.56976710474488,0.7172071818582589
734.0,734.0,train,0.0010407370660631596,63.04795626556264,0.7725551395832493
735.0,735.0,train,0.0012465853128561851,94.00922410498596,0.8303037974631133
736.0,736.0,train,0.0011026777758245967,72.89656161565536,0.7917428877992287
737.0,737.0,train,0.0011026777758245967,72.89656161565536,0.7917428877992287
738.0,738.0,train,0.0012465853128561851,94.00922410498596,0.8303037974631133
739.0,739.0,train,8.146339883129788E-4,37.29866623770931,0.686240696793992
740.0,740.0,train,8.146339883129788E-4,37.29866623770931,0.686240696793992
741.0,741.0,train,7.502184038691704E-4,27.179635646153862,0.6561236984576624
742.0,742.0,train,0.0013313961562615923,98.90036751411769,0.8495946688138444
743.0,743.0,train,0.0011026777758245967,72.89656161565536,0.7917428877992287
744.0,744.0,train,0.0011026777758245967,72.89656161565536,0.7917428877992287
745.0,745.0,train,1.9201987792137812E-4,7.0133807111514725,0.2390760701785296
746.0,746.0,train,0.0010709601683274081,64.73517426695852,0.7821288379608702
747.0,747.0,train,0.0010709601683274081,64.73517426695852,0.7821288379608702
748.0,748.0,train,8.87662886701834E-4,44.56976710474488,0.7172071818582589
749.0,749.0,train,0.0010312896439555479,62.426185695223545,0.7694770515710798
750.0,750.0,train,0.0012465853128561851,94.00922410498596,0.8303037974631133
751.0,751.0,train,0.0011026777758245967,72.89656161565536,0.7917428877992287
752.0,752.0,train,8.376869054680119E-4,41.31161314007327,0.6963655442488801
753.0,753.0,train,0.0011515127917313013,87.04605172331974,0.8057226258241799
754.0,754.0,train,0.0010280030869928695,62.11777920463986,0.7683965124705963
755.0,755.0,train,8.146339883129788E-4,37.29866623770931,0.686240696793992
756.0,756.0,train,3.6057213529880973E-4,10.018598589371235,0.4013343921125109
757.0,757.0,train,0.0010709601683274081,64.73517426695852,0.7821288379608702
758.0,758.0,train,0.0011026777758245967,72.89656161565536,0.7917428877992287
759.0,759.0,train,0.0011026777758245967,72.89656161565536,0.7917428877992287
760.0,760.0,train,0.0011026777758245967,72.89656161565536,0.7917428877992287
761.0,761.0,train,0.0011026777758245967,72.89656161565536,0.7917428877992287
762.0,762.0,train,0.0010709601683274081,64.73517426695852,0.7821288379608702
763.0,763.0,train,8.87662886701834E-4,44.56976710474488,0.7172071818582589
764.0,764.0,train,0.0010709601683274081,64.73517426695852,0.7821288379608702
765.0,765.0,train,4.1500018281652944E-4,10.916947352835031,0.44594806429644884
766.0,766.0,train,0.0011026777758245967,72.89656161565536,0.7917428877992287
767.0,767.0,train,5.674328234886912E-4,18.305794673012322,0.5539796570893232
768.0,768.0,train,0.0011026777758245967,72.89656161565536,0.7917428877992287
769.0,769.0,train,0.0010280030869928695,62.11777920463986,0.7683965124705963
770.0,770.0,train,6.351555784068506E-4,21.468386629760378,0.594953051512084
771.0,771.0,train,0.0011026777758245967,72.89656161565536,0.7917428877992287
772.0,772.0,train,0.0011026777758245967,72.89656161565536,0.7917428877992287
773.0,773.0,train,0.0010709601683274081,64.73517426695852,0.7821288379608702
774.0,774.0,train,0.0010709601683274081,64.73517426695852,0.7821288379608702
775.0,775.0,train,0.0013313961562615923,98.90036751411769,0.8495946688138444
776.0,776.0,train,4.1500018281652944E-4,10.916947352835031,0.44594806429644884
777.0,777.0,train,0.0011026777758245967,72.89656161565536,0.7917428877992287
778.0,778.0,train,0.0011026777758245967,72.89656161565536,0.7917428877992287
779.0,779.0,train,8.87662886701834E-4,44.56976710474488,0.7172071818582589
780.0,780.0,train,0.0011026777758245967,72.89656161565536,0.7917428877992287
781.0,781.0,train,0.0012401901466674778,93.93977719520124,0.8287525870846834
782.0,782.0,train,8.146339883129788E-4,37.29866623770931,0.686240696793992
783.0,783.0,train,8.146339883129788E-4,37.29866623770931,0.686240696793992
784.0,784.0,train,6.351555784068506E-4,21.468386629760378,0.594953051512084
785.0,785.0,train,0.0011026777758245967,72.89656161565536,0.7917428877992287
786.0,786.0,train,0.0011026777758245967,72.89656161565536,0.7917428877992287
787.0,787.0,train,0.0011026777758245967,72.89656161565536,0.7917428877992287
788.0,788.0,train,0.0010407370660631596,63.04795626556264,0.7725551395832493
789.0,789.0,train,0.0010709601683274081,64.73517426695852,0.7821288379608702
790.0,790.0,train,0.0010709601683274081,64.73517426695852,0.7821288379608702
791.0,791.0,train,8.87662886701834E-4,44.56976710474488,0.7172071818582589
792.0,792.0,train,9.296892508003478E-4,49.6863937781269,0.7336221140624057
793.0,793.0,train,0.0011026777758245967,72.89656161565536,0.7917428877992287
794.0,794.0,train,0.0011026777758245967,72.89656161565536,0.7917428877992287
795.0,795.0,train,8.376869054680119E-4,41.31161314007327,0.6963655442488801
796.0,796.0,train,0.0011026777758245967,72.89656161565536,0.7917428877992287
797.0,797.0,train,8.146339883129788E-4,37.29866623770931,0.686240696793992
798.0,798.0,train,6.351555784068506E-4,21.468386629760378,0.594953051512084
799.0,799.0,train,0.00137119778869392,99.53256941336707,0.8578758775493904
800.0,800.0,train,6.96544852329998E-4,25.113421411432878,0.6288325876988238
801.0,801.0,train,0.00112646557619231,86.15607445494453,0.7986738625187163
802.0,802.0,train,8.615240267054313E-5,4.371167828218588,0.11536913193680953
803.0,803.0,train,5.577974960109485E-4,18.05071489017643,0.5478226320112976
804.0,804.0,train,9.685978606200165E-5,4.707858683410397,0.12874465037518046
805.0,805.0,train,0.0012236937068438064,93.76063771166032,0.8246854341427289
806.0,806.0,train,5.394682353897761E-4,17.55316300514582,0.5358745371968321
807.0,807.0,train,1.0844192354073377E-4,5.067771498502211,0.14298529969442364
808.0,808.0,train,5.140472854263703E-5,3.2346313164079814,0.07053203045625622
809.0,809.0,train,5.906658142089899E-4,19.26033281274954,0.568483077651174
810.0,810.0,train,1.058837693373801E-4,4.973591676768146,0.1398601204287513
811.0,811.0,train,9.3495410818084E-4,51.001680161315534,0.7356101689991477
812.0,812.0,train,5.135439663951038E-4,16.37739640891464,0.5184345649561338
813.0,813.0,train,4.378691816933026E-4,12.299256213660376,0.46368669669004403
814.0,814.0,train,1.720074148661853E-4,6.540272987998483,0.21709701042175966
815.0,815.0,train,9.3495410818084E-4,51.001680161315534,0.7356101689991477
816.0,816.0,train,9.3495410818084E-4,51.001680161315534,0.7356101689991477
817.0,817.0,train,5.135439663951038E-4,16.37739640891464,0.5184345649561338
818.0,818.0,train,7.755634584907912E-4,31.062725037277527,0.6683039797067165
819.0,819.0,train,5.34973901448266E-4,17.33824930051088,0.5328969848271087
820.0,820.0,train,5.135439663951038E-4,16.37739640891464,0.5184345649561338
821.0,821.0,train,7.611356677043845E-4,29.579811933191,0.6614241949694721
822.0,822.0,train,8.10163507276052E-4,37.05463895605384,0.6842385211873381
823.0,823.0,train,9.3495410818084E-4,51.001680161315534,0.7356101689991477
824.0,824.0,train,4.4597219710118275E-4,12.50869077669234,0.46983468886933866
825.0,825.0,train,7.611356677043845E-4,29.579811933191,0.6614241949694721
826.0,826.0,train,3.712974994993033E-5,2.534626312987975,0.0514599851100489
827.0,827.0,train,5.135439663951038E-4,16.37739640891464,0.5184345649561338
828.0,828.0,train,5.135439663951038E-4,16.37739640891464,0.5184345649561338
829.0,829.0,train,4.622584571399741E-5,3.0303070510947694,0.0636575332558601
830.0,830.0,train,7.946392661857001E-4,35.95754674717763,0.6771860023003475
831.0,831.0,train,7.701480827052251E-4,30.29023017013159,0.6657382408708865
832.0,832.0,train,4.302438427035642E-5,2.843160821922627,0.05938247692788956
833.0,833.0,train,9.3495410818084E-4,51.001680161315534,0.7356101689991477
834.0,834.0,train,0.001056731573509847,64.3088123590579,0.7776729449035449
835.0,835.0,train,4.378691816933026E-4,12.299256213660376,0.46368669669004403
836.0,836.0,train,5.135439663951038E-4,16.37739640891464,0.5184345649561338
837.0,837.0,train,0.001056731573509847,64.3088123590579,0.7776729449035449
838.0,838.0,train,6.48407190629463E-4,22.045950242224208,0.6025188608837992
839.0,839.0,train,9.3495410818084E-4,51.001680161315534,0.7356101689991477
840.0,840.0,train,0.001056731573509847,64.3088123590579,0.7776729449035449
841.0,841.0,train,8.10163507276052E-4,37.05463895605384,0.6842385211873381
842.0,842.0,train,9.3495410818084E-4,51.001680161315534,0.7356101689991477
843.0,843.0,train,8.785632386617573E-4,44.21711380446719,0.7135218477478196
844.0,844.0,train,4.416915011887996E-5,2.9159767039353586,0.06091337180837075
845.0,845.0,train,5.061264339991954E-4,15.628307599715574,0.5133250708158407
846.0,846.0,train,5.34973901448266E-4,17.33824930051088,0.5328969848271087
847.0,847.0,train,9.3495410818084E-4,51.001680161315534,0.7356101689991477
848.0,848.0,train,1.720074148661853E-4,6.540272987998483,0.21709701042175966
849.0,849.0,train,8.287289553622227E-4,40.70708919861597,0.6924706137432899
850.0,850.0,train,7.611356677043845E-4,29.579811933191,0.6614241949694721
851.0,851.0,train,7.611356677043845E-4,29.579811933191,0.6614241949694721
852.0,852.0,train,7.611356677043845E-4,29.579811933191,0.6614241949694721
853.0,853.0,train,6.615159776860446E-4,22.307069393519434,0.6098640729185982
854.0,854.0,train,0.001218936976060926,93.63721183758229,0.8234948326828391
855.0,855.0,train,6.96544852329998E-4,25.113421411432878,0.6288325876988238
856.0,856.0,train,1.0844192354073377E-4,5.067771498502211,0.14298529969442364
857.0,857.0,train,7.216748932623611E-5,4.001936657808006,0.09758964097277933
858.0,858.0,train,1.8204233916579528E-6,0.09875382626362371,0.002586898328480025
859.0,859.0,train,9.123091098110524E-4,48.10172445508484,0.7269524822614495
860.0,860.0,train,5.015850895830246E-4,14.566044791469576,0.5101700906750203
861.0,861.0,train,5.015850895830246E-4,14.566044791469576,0.5101700906750203
862.0,862.0,train,9.123091098110524E-4,48.10172445508484,0.7269524822614495
863.0,863.0,train,3.183435805573503E-4,9.277309055041224,0.36426011170583916
864.0,864.0,train,5.015850895830246E-4,14.566044791469576,0.5101700906750203
865.0,865.0,train,9.123091098110524E-4,48.10172445508484,0.7269524822614495
866.0,866.0,train,9.123091098110524E-4,48.10172445508484,0.7269524822614495
