<?xml version="1.0" encoding="utf-8"?>
<eml:eml xmlns:eml="eml://ecoinformatics.org/eml-2.1.1" xmlns:xsi="http://www.w3.org/2001/XMLSchema-instance"
         xsi:schemaLocation="eml://ecoinformatics.org/eml-2.1.1 http://rs.gbif.org/schema/eml-gbif-profile/1.2/eml.xsd"
packageId="e36d0997-2f51-4718-b684-16ec092ecd82"  system="http://gbif.org" scope="system"
xml:lang="en">

    <dataset>
            <alternateIdentifier>10.15468/hzkbpg</alternateIdentifier>
                <alternateIdentifier>https://ecdysis.org/collections/misc/collprofiles.php?collid=73</alternateIdentifier>
                <alternateIdentifier>https://serv.biokic.asu.edu/ecdysis/collections/misc/collprofiles.php?collid=73</alternateIdentifier>
                <alternateIdentifier>https://scan-bugs.org:443/portal/collections/misc/collprofiles.php?collid=11</alternateIdentifier>
                <alternateIdentifier>http://scan-bugs.org/portal/collections/misc/collprofiles.php?collid=11</alternateIdentifier>
        <title>University of Arizona Insect Collection</title>
            <creator>
<organizationName>Ecdysis Portal</organizationName><electronicMailAddress>ajohnston@asu.edu</electronicMailAddress><onlineUrl>https://ecdysis.org/index.php</onlineUrl>            </creator>
            <metadataProvider>
<organizationName>Ecdysis Portal</organizationName><electronicMailAddress>ajohnston@asu.edu</electronicMailAddress><onlineUrl>https://ecdysis.org/index.php</onlineUrl>            </metadataProvider>
            <associatedParty>
            <individualName>
<givenName>Wendy</givenName>                    <surName>Moore</surName>
            </individualName>
<positionName>Curator</positionName><electronicMailAddress>wmoore@email.arizona.edu</electronicMailAddress>            <role>CONTENT_PROVIDER</role>
            </associatedParty>
            <pubDate>
                2024-01-02
            </pubDate>
        <language>ENGLISH</language>
            <abstract>
                    <para>The University of Arizona Insect Collection (UAIC) contains approximately 2 million specimens representing 35,000 species of pinned, alcohol-preserved, slide-mounted and frozen-tissue preserved arthropods mostly from the Sonoran Desert Region. Significant holdings include Coleoptera, Hemiptera, Hymenoptera, Orthoptera and Lepidoptera, but all insect groups are extensively represented. The UAIC user community is diverse, ranging from outstanding undergraduate and graduate students to highly active emeritus insect systematists. Annually, we host thousands of visitors, ranging from resident researchers to individual walk-ins, campus tour groups, and vast numbers of people seeking information on the biology of the Sonoran Desert Region.</para>
            </abstract>
            <intellectualRights>
                    <para>To the extent possible under law, the publisher has waived all rights to these data and has dedicated them to the <ulink url="http://creativecommons.org/publicdomain/zero/1.0/legalcode"><citetitle>Public Domain (CC0 1.0)</citetitle></ulink>. Users may copy, modify, distribute and use the work, including for commercial purposes, without restriction.</para>
            </intellectualRights>
            <contact>
<organizationName>University of Arizona Insect Collection</organizationName><electronicMailAddress>wmoore@email.arizona.edu</electronicMailAddress><onlineUrl>https://uaic.arizona.edu</onlineUrl>            </contact>

    </dataset>

    <additionalMetadata>
        <metadata>
            <gbif>
                <dateStamp>2024-01-04T19:07:32Z</dateStamp>
                <citation>University of Arizona Insect Collection (2024). University of Arizona Insect Collection. Occurrence dataset https://doi.org/10.15468/hzkbpg accessed via GBIF.org on 2024-01-04.</citation>
            </gbif>
        </metadata>
    </additionalMetadata>

</eml:eml>
