<?xml version="1.0" encoding="utf-8"?>
<eml:eml xmlns:eml="eml://ecoinformatics.org/eml-2.1.1" xmlns:xsi="http://www.w3.org/2001/XMLSchema-instance"
         xsi:schemaLocation="eml://ecoinformatics.org/eml-2.1.1 http://rs.gbif.org/schema/eml-gbif-profile/1.2/eml.xsd"
packageId="10.15468/dl.wzea7y"  system="http://gbif.org" scope="system"
xml:lang="en">

    <dataset>
                <alternateIdentifier>0022014-231120084113126</alternateIdentifier>
        <title>GBIF Occurrence Download 10.15468/dl.wzea7y</title>
            <creator>
            <individualName>
                    <surName>GBIF Download Service</surName>
            </individualName>
<electronicMailAddress>support@gbif.org</electronicMailAddress>            </creator>
            <metadataProvider>
            <individualName>
                    <surName>GBIF Download Service</surName>
            </individualName>
<electronicMailAddress>support@gbif.org</electronicMailAddress>            </metadataProvider>
            <pubDate>
                2023-12-07
            </pubDate>
        <language>ENGLISH</language>
            <abstract>
                    <para>A dataset containing all occurrences available in GBIF matching the query:
{
  &quot;TaxonKey&quot; : [
    &quot;is one of (Centris pallida Fox, 1899, Parkinsonia florida (Benth. ex A.Gray) S.Watson, Parkinsonia microphylla Torr., Olneya tesota A.Gray)&quot;
  ]
}
The dataset includes records from the following constituent datasets. The full metadata for each constituent is also included in this archive:
1 records from R - Herbário do Museu Nacional
4 records from World Plant Specimen from the Herbaria in China
51 records from Plant Resources Center
2 records from University of Vermont, Pringle Herbarium
1 records from University of Louisiana at Monroe Herbarium, R. Dale Thomas Collection
1 records from University of California Museum of Paleontology
6 records from Etapa final de la captura y catalogación del Herbario del Instituto de Ecología, A.C., Centro Regional del Bajío
12 records from New Mexico State Collection of Arthropods
1 records from Coconino National Forest Herbarium
3 records from CHSC - CSU Chico, Chico State Herbarium - Vascular Plants
1 records from Flora polínica de las llanuras de Sonora, al sur de Hermosillo
20 records from MACF - MacFadden Herbarium, California State University Fullerton
2 records from Southern Oregon University Herbarium
13 records from IRVC - University of California, Irvine Herbarium
8 records from MBM - Herbário do Museu Botânico Municipal
1 records from Vascular Plant Herbarium: Herbarium Generale
20 records from Natural History Museum of Utah, Garrett Herbarium
25 records from SBBG - Clifton Smith Herbarium, Santa Barbara Botanic Garden
23 records from United States National Plant Germplasm System Collection
8 records from hymenoptera
25 records from Texas A&amp;M University Insect Collection
1 records from Western Illinois University, ​R. M. Myers Herbarium
1 records from University of Cincinnati, Margaret H. Fulford Herbarium - Vascular Plants
37 records from Field Museum of Natural History (Botany) Seed Plant Collection
1 records from SP - Herbário do Estado &quot;Maria Eneyda P. Kaufmann Fidalgo&quot; - Coleção de Fanerógamas
138 records from Snow Entomological Museum Collection
1 records from Pacific Northwest Herbarium (Western Washington University, Washington, USA)
16 records from UCSB - University of California Santa Barbara Herbarium
3 records from Lord Fairfax Community College Herbarium
58 records from The vascular plants collection (P) at the Herbarium of the Muséum national d&apos;Histoire Naturelle (MNHN - Paris)
2 records from HUEFS - Herbario da Universidade Estadual de Feira de Santana
5 records from PUA - Pacific Union College Herbarium
6 records from Intermountain Herbarium (Vasc. &amp; Algae)
1 records from University of South Carolina, A. C. Moore Herbarium Vascular Plant Collection
62 records from Deaver Herbarium (Northern Arizona University)
3 records from Propuesta para sistematizar la colección palinológica de polen reciente y fósil del IGLUNAM
3 records from NEON Biorepository Terrestrial Plant Collection (Canopy Foliage)
7 records from Inventario florístico en Baja California Sur: Región del Cabo e Islas adyacentes
21 records from Dataset of the plant-Buprestidae (Coleoptera) interactions from Mexico
1 records from HCF - Herbário da Universidade Tecnológica Federal do Paraná Campus Campo Mourão
13 records from Idaho State University, Ray J. Davis Herbarium Vascular Plants
155 records from Harvard University Herbaria: All Records
3 records from Actualización y depuración de la base de datos del Herbario del Instituto de Ecología, AC, Centro Regional del Bajío. Fase 2
2 records from Université Lyon 1
172 records from Puntos de presencia en Baja California (Botany)
1 records from Tarleton State University Herbarium
6 records from CDA - California Department of Food and Agriculture
4 records from Inventario florístico en la zona de Bahía Magdalena e islas adyacentes, Baja California Sur
2 records from NMNH Material Samples (USNM)
5 records from Inventarios florísticos en Baja California Sur (II): Vegetación costera
20 records from Distribución, estructura poblacional y utilización del saguaro (Carnegiea gigantea (Engelm.) Britt. &amp;  Rose) en México
2 records from Appalachian State University, I. W. Carpenter, Jr. Herbarium
6 records from University of Arizona Insect Collection
8 records from Ecología y manejo de ungulados cinegéticos en el sur de Baja California Sur
167 records from Desert Botanical Garden Herbarium
10257 records from iNaturalist Research-grade Observations
1 records from Bioversity Collecting Mission Database
1 records from Computarización de la colección de abejas (Hymenoptera: Apoidea) del Museo de Zoología Alfonso L. Herrera, de la Facultad de Ciencias de la UNAM
15 records from naturgucker
1 records from LACM Entomology Collection
5 records from Phanerogamic Botanical Collections (S)
14 records from Botanical Research Institute of Texas, Philecology Herbarium
3 records from Marshall University
1 records from South Dakota State University, C. A. Taylor Herbarium
1 records from Bell Museum plants
7 records from Colorado State University, Charles Maurer Herbarium
37 records from BLM - National Landscape Monitoring Framework - Plants
1 records from Botanical Database of Southern Africa (BODATSA): Botanical Collections
21 records from Louisiana State University, Shirley C. Tucker Herbarium - Vascular Plants
2 records from New Mexico Museum of Natural History and Science (NMMNH&amp;S) Herbarium specimens (Arctos)
5 records from Inventario nacional de especies vegetales y animales de uso artesanal
4 records from Cochise County Herbarium - Arizona State University
1 records from Staten Island Museum
1 records from CHAS Botany Collection (Arctos)
9 records from SFV - California State University, Northridge
2 records from CONN
3 records from Lund Botanical Museum (LD)
2 records from Eastern Kentucky University, Ronald L. Jones Herbarium
1 records from Eastern Illinois University, Stover-Ebinger Herbarium
1 records from Muestreos y recolectas de flora endémica y casi-endémica de matorral costero y chaparral de la zona mediterránea Baja California, México
20 records from DAV - UC Davis Herbarium
5 records from SysTax - Botanical Gardens
7 records from CSIC-Real Jardín Botánico-Colección de Plantas Vasculares (MA)
2 records from Rocky Mountain Research Station (Boise, Idaho, USA), USDA Forest Service Herbarium Vascular Plants
2 records from University of North Carolina at Chapel Hill Herbarium: Vascular Plants
1 records from Edinburgh (E) Herbarium Specimens
1 records from Bases de datos de plantas, insectos, reptiles, anfibios, aves y mamíferos del “Arroyo la Junta, Una joya de biodiversidad en la Reserva de la Biosfera Sierra La Laguna” (Plantas)
1 records from HCF herbarium - Universidade Tecnológica Federal do Paraná - Campus Campo Mourão - Herbário Virtual REFLORA
121 records from UCR - University of California, Riverside Herbarium - Vascular Plants
44 records from Tropicos Specimens Non-MO
5 records from Banco de datos florísticos del Herbario CHAP
15 records from LOB - California State University, Long Beach Herbarium
1 records from Institut Botanic de Barcelona (IBB, CSIC-Ajuntament de Barcelona), BC-Plantae
1 records from Bernice P. Bishop Museum
12 records from University of South Florida Herbarium (USF)
1 records from Universidad Politécnica de Madrid, Dpto. Biología Vegetal, Banco de Germoplasma
16 records from SFSU - Vascular Plants of the Harry D. Thiers Herbarium at San Francisco State University
245 records from The New York Botanical Garden Herbarium (NY)
1 records from Moscow University Herbarium (MW)
381 records from Arizona State University Vascular Plant Herbarium
6 records from EURISCO, The European Genetic Resources Search Catalogue
1 records from University of New Hampshire Collection of Insects and Arthropods (UNHC-UNHC)
4 records from Catálogo y base de datos preliminar de la flora de Sinaloa
3 records from Manchester Museum, University of Manchester, Botany Collection
379 records from Bee Biology and Systematics Laboratory
5 records from Vanderbilt University Herbarium
2 records from CAS Entomology Type (TYPE)
7 records from Digitalización y Sistematización de las Colecciones Biológicas Nacionales del Instituto de Biología, UNAM (algas, frutos y semillas, hongos, líquenes, xiloteca)
239 records from Digitalización y Sistematización de las Colecciones Biológicas Nacionales del Instituto de Biología, UNAM (Plantas vasculares)
1 records from UTEP Insects (Arctos)
35 records from International Barcode of Life project (iBOL)
8 records from Rutgers University, Chrysler Herbarium
35 records from Sistematización del Herbario Nacional Forestal Biól Luciano Vela Gálvez
5 records from Pittsburg State University, Theodore M. Sperry Herbarium
2 records from Herbario del Museo Municipal de Historia Natural de San Rafael (MMHNSR), Mendoza. Argentina
1 records from University of Wisconsin - Whitewater Herbarium
66 records from Tropicos MO Specimen Data
1 records from Herbario de la Universidad de Sevilla
1 records from RB - Rio de Janeiro Botanical Garden Herbarium Collection
1 records from Biodiversity4all Research-Grade Observations
16 records from Flora de las playas y dunas costeras de México
45 records from Catálogo electrónico de especímenes depositados en el Herbario de la Universidad de Texas en Austin, Fase IV (Ejemplaresimagenes)
24 records from Illinois Natural History Survey Insect Collection
27 records from Naturalis Biodiversity Center (NL) - Botany
1 records from Base de datos para la xiloteca del Instituto de Biología de la UNAM
12 records from HSC - Humboldt State University Vascular Plant Herbarium
1 records from Living plant collection of Meise Botanic Garden
29 records from CAS Botany (BOT)
7 records from Royal Botanic Gardens, Kew - Herbarium Specimens
7 records from Robert K. Godfrey Herbarium  at Florida State University
34 records from University of New Mexico Herbarium
8 records from SJSU - Carl W. Sharsmith Herbarium, San Jose State University
7 records from University of Nevada Herbarium
8 records from Bioimages
274 records from NMNH Extant Specimen Records (USNM, US)
4 records from C.A. Triplehorn Insect Collection (OSUC), Ohio State University
2 records from HUCS - Herbário da Universidade de Caxias do Sul
1 records from Computarización de colecciones y adquisición de infraestructura (mobiliario) para el herbario CIIDIR-Durango
35 records from Carnegie Museum of Natural History Herbarium
15 records from University of Idaho, Stillinger Herbarium Vascular Plants
20 records from OBI - Robert F. Hoover Herbarium, Cal Poly State University
31 records from LA - University of California, Los Angeles Herbarium
358 records from RSA - California Botanic Garden Herbarium
29 records from INSDC Sequences
1 records from Gila National Forest Herbarium
1 records from Clemson University Herbarium
21 records from CSLA - Cal State LA Herbarium
1 records from Auburn University, John D. Freeman Herbarium
7 records from Taxon occurrence data for the FungalRoot database
8 records from H.A. Stephens Herbarium
17 records from UTEP Plants (Arctos)
322 records from Arizona State University Hasbrouck Insect Collection
14 records from SDSU - Vascular Plants of the San Diego State University Herbarium
2 records from BHCB - Herbário da Universidade Federal de Minas Gerais
2 records from UCBG TAPIR Provider
1 records from University of Lethbridge Herbarium (LEA)
6 records from West Virginia Wesleyan College, George B. Rossbach Herbarium
43 records from University of Michigan Herbarium
4 records from Baylor University Herbarium
12 records from Texas A&amp;M University, S.M. Tracy Herbarium
6 records from MPM Milwaukee Public Museum Herbarium
15 records from Royal Botanic Gardens, Kew - Economic Botany Collection Specimens
1 records from FSC - Fresno State Herbarium
46 records from Estequiometría ecológica y percepción remota para el análisis de la distribución espacial e invasibilidad de zacate Buffel (Cenchrus ciliaris), en zonas prioritarias del noroeste de México
1 records from SINGER Coordinator
3 records from Digitalización y sistematización de las colecciones biológicas del INECOL (Herbario)
2 records from Texas Tech University, E. L. Reed Herbarium
5 records from Digitalización de la colección científica del Herbario de Querétaro &quot;Dr. Jerzy Rzedowski&quot; QMEX
4 records from Conservación del germoplasma vegetal en las regiones áridas y semiáridas de México, Fase 6
8 records from North Carolina State University Vascular Plant Herbarium
3 records from Kathryn Kalmbach Herbarium
2 records from Plantas de La Frontera (ecorregión 12.1.1.1), e inventario florístico del Rancho El Aribabi, municipio de Imuris, Sonora
4 records from Vascular Plant Herbarium, Oslo (O) UiO
25 records from University of Colorado Museum of Natural History Herbarium Vascular Plant Collection
2 records from Lund University Biological Museum - Insect collections Inventory
2 records from Sistema de apoyo a la toma de decisiones para la reforestación rural en México
1 records from Museu Paraense Emilio Goeldi Herbarium
5 records from Snake River Plain Herbarium (Boise State University, Idaho, USA)
3 records from University of Georgia Herbarium
2 records from BOTUw - Xiloteca &quot;Profa. Dra. Maria Aparecida Mourão Brasil&quot;
6 records from Whitman College Herbarium Vascular Plants
3 records from Canadian Museum of Nature Palynology Collection
6 records from K herbarium - Royal Botanic Gardens, Kew - Amostras Brasileiras Repatriadas - Herbário Virtual REFLORA
26 records from Actualización de la base de datos del Herbario de la Universidad de Sonora (USON)
3 records from ARC-PPRI: Collection of Southern African bees  (1800-2007)
6 records from CSUSB - California State University San Bernardino
36 records from El banco de datos del Herbario HCIB en línea (Fase I): Implementación del Sistema Biótica
16 records from R. L. McGregor Herbarium Vascular Plants Collection
19 records from Meise Botanic Garden Herbarium (BR)
7 records from Herbarium specimens of Université de Montpellier 2, Institut de Botanique (MPU))
8 records from Royal Botanic Garden Edinburgh Living Plant Collections (E)
1 records from The System-wide Information Network for Genetic Resources (SINGER)
6 records from University of Florida Herbarium (FLAS)
20 records from US Forest Service - Tonto National Forest
8 records from Pl@ntNet automatically identified occurrences
87 records from Riqueza y distribución de especies vegetales en la Península de Baja California
229 records from SD - SD Herbarium, San Diego Natural History Museum
1 records from University of Northern Colorado Herbarium
2 records from Marie-Victorin Herbarium (MT) - Plantes vasculaires
1 records from University of Tennessee Vascular Herbarium</para>
            </abstract>
            <contact>
            <individualName>
                    <surName>GBIF Download Service</surName>
            </individualName>
<electronicMailAddress>support@gbif.org</electronicMailAddress>            </contact>

    </dataset>

    <additionalMetadata>
        <metadata>
            <gbif>
                <dateStamp>2023-12-07T16:57:53Z</dateStamp>
                <citation identifier="10.15468/dl.wzea7y">GBIF Occurrence Download 10.15468/dl.wzea7y</citation>
                    <physical>
                        <objectName>Darwin Core Archive</objectName>
                        <characterEncoding>UTF-8</characterEncoding>
                        <dataFormat>
                            <externallyDefinedFormat>
                                <formatName>Darwin Core Archive</formatName>
                            </externallyDefinedFormat>
                        </dataFormat>
                        <distribution>
                            <online>
                                <url function="download">https://api.gbif.org/v1/occurrence/download/request/0022014-231120084113126.zip</url>
                            </online>
                        </distribution>
                    </physical>
            </gbif>
        </metadata>
    </additionalMetadata>

</eml:eml>
