<?xml version="1.0" encoding="utf-8"?>
<eml:eml xmlns:eml="eml://ecoinformatics.org/eml-2.1.1" xmlns:xsi="http://www.w3.org/2001/XMLSchema-instance"
         xsi:schemaLocation="eml://ecoinformatics.org/eml-2.1.1 http://rs.gbif.org/schema/eml-gbif-profile/1.2/eml.xsd"
packageId="10.15468/dl.sg6wbx"  system="http://gbif.org" scope="system"
xml:lang="en">

    <dataset>
                <alternateIdentifier>0045111-231120084113126</alternateIdentifier>
        <title>GBIF Occurrence Download 10.15468/dl.sg6wbx</title>
            <creator>
            <individualName>
                    <surName>GBIF Download Service</surName>
            </individualName>
<electronicMailAddress>support@gbif.org</electronicMailAddress>            </creator>
            <metadataProvider>
            <individualName>
                    <surName>GBIF Download Service</surName>
            </individualName>
<electronicMailAddress>support@gbif.org</electronicMailAddress>            </metadataProvider>
            <pubDate>
                2024-01-04
            </pubDate>
        <language>ENGLISH</language>
            <abstract>
                    <para>A dataset containing all occurrences available in GBIF matching the query:
{
  &quot;SpeciesKey&quot; : [
    &quot;is one of (Centris pallida Fox, 1899)&quot;
  ]
}
The dataset includes records from the following constituent datasets. The full metadata for each constituent is also included in this archive:
24 records from International Barcode of Life project (iBOL)
1 records from Computarización de la colección de abejas (Hymenoptera: Apoidea) del Museo de Zoología Alfonso L. Herrera, de la Facultad de Ciencias de la UNAM
138 records from Snow Entomological Museum Collection
24 records from Illinois Natural History Survey Insect Collection
379 records from Bee Biology and Systematics Laboratory
1 records from LACM Entomology Collection
322 records from Arizona State University Hasbrouck Insect Collection
2 records from INSDC Sequences
2 records from NMNH Material Samples (USNM)
12 records from New Mexico State Collection of Arthropods
3 records from ARC-PPRI: Collection of Southern African bees  (1800-2007)
2 records from CAS Entomology Type (TYPE)
8 records from hymenoptera
6 records from University of Arizona Insect Collection
5 records from NMNH Extant Specimen Records (USNM, US)
2 records from Lund University Biological Museum - Insect collections Inventory
25 records from Texas A&amp;M University Insect Collection
4 records from C.A. Triplehorn Insect Collection (OSUC), Ohio State University
131 records from iNaturalist Research-grade Observations
1 records from University of New Hampshire Collection of Insects and Arthropods (UNHC-UNHC)
1 records from UTEP Insects (Arctos)</para>
            </abstract>
            <contact>
            <individualName>
                    <surName>GBIF Download Service</surName>
            </individualName>
<electronicMailAddress>support@gbif.org</electronicMailAddress>            </contact>

    </dataset>

    <additionalMetadata>
        <metadata>
            <gbif>
                <dateStamp>2024-01-04T19:07:33Z</dateStamp>
                <citation identifier="10.15468/dl.sg6wbx">GBIF Occurrence Download 10.15468/dl.sg6wbx</citation>
                    <physical>
                        <objectName>Darwin Core Archive</objectName>
                        <characterEncoding>UTF-8</characterEncoding>
                        <dataFormat>
                            <externallyDefinedFormat>
                                <formatName>Darwin Core Archive</formatName>
                            </externallyDefinedFormat>
                        </dataFormat>
                        <distribution>
                            <online>
                                <url function="download">https://api.gbif.org/v1/occurrence/download/request/0045111-231120084113126.zip</url>
                            </online>
                        </distribution>
                    </physical>
            </gbif>
        </metadata>
    </additionalMetadata>

</eml:eml>
