<?xml version="1.0" encoding="utf-8"?>
<eml:eml xmlns:eml="eml://ecoinformatics.org/eml-2.1.1" xmlns:xsi="http://www.w3.org/2001/XMLSchema-instance"
         xsi:schemaLocation="eml://ecoinformatics.org/eml-2.1.1 http://rs.gbif.org/schema/eml-gbif-profile/1.2/eml.xsd"
packageId="049b3ca8-8533-4606-8acf-7b2e2c7a74f5"  system="http://gbif.org" scope="system"
xml:lang="en">

    <dataset>
            <alternateIdentifier>10.15468/gjzqzw</alternateIdentifier>
                <alternateIdentifier>https://portal.torcherbaria.org/portal/collections/misc/collprofiles.php?collid=158</alternateIdentifier>
        <title>Tarleton State University Herbarium</title>
            <creator>
<organizationName>TORCH Portal</organizationName><electronicMailAddress>jbest@brit.org</electronicMailAddress><onlineUrl>https://portal.torcherbaria.org/portal/index.php</onlineUrl>            </creator>
            <metadataProvider>
<organizationName>TORCH Portal</organizationName><electronicMailAddress>jbest@brit.org</electronicMailAddress><onlineUrl>https://portal.torcherbaria.org/portal/index.php</onlineUrl>            </metadataProvider>
            <associatedParty>
            <individualName>
                    <surName>Allan Nelson</surName>
            </individualName>
<electronicMailAddress>nelson@tarleton.edu</electronicMailAddress>            <role>CONTENT_PROVIDER</role>
            </associatedParty>
            <pubDate>
                2023-12-05
            </pubDate>
        <language>ENGLISH</language>
            <abstract>
                    <para>The herbarium was founded in 1921 but most of the collections are recent. Our collection primarily represents the West Cross Timbers of Texas with the earliest work being a 1920s flora for Erath County, where the herbarium is located. Since that time, there have been many additions to the flora of the West Cross Timbers of Texas. We also have many voucher specimens from several ecological investigations in the region and from a floristic project at Padre Island National Seashore in southeast Texas.</para>
            </abstract>
            <intellectualRights>
                    <para>To the extent possible under law, the publisher has waived all rights to these data and has dedicated them to the <ulink url="http://creativecommons.org/publicdomain/zero/1.0/legalcode"><citetitle>Public Domain (CC0 1.0)</citetitle></ulink>. Users may copy, modify, distribute and use the work, including for commercial purposes, without restriction.</para>
            </intellectualRights>
            <contact>
<organizationName>Tarleton State University Herbarium</organizationName><phone>[1] (254) 968-9158</phone><electronicMailAddress>nelson@tarleton.edu</electronicMailAddress><onlineUrl>http://faculty.tarleton.edu/nelson/index.html</onlineUrl>            </contact>

    </dataset>

    <additionalMetadata>
        <metadata>
            <gbif>
                <dateStamp>2024-03-21T22:41:03Z</dateStamp>
                <citation>Tarleton State University Herbarium (TAC) (2023). Tarleton State University Herbarium. Occurrence dataset https://doi.org/10.15468/gjzqzw accessed via GBIF.org on 2024-03-21.</citation>
            </gbif>
        </metadata>
    </additionalMetadata>

</eml:eml>
