<?xml version="1.0" encoding="utf-8"?>
<eml:eml xmlns:eml="eml://ecoinformatics.org/eml-2.1.1" xmlns:xsi="http://www.w3.org/2001/XMLSchema-instance"
         xsi:schemaLocation="eml://ecoinformatics.org/eml-2.1.1 http://rs.gbif.org/schema/eml-gbif-profile/1.2/eml.xsd"
packageId="0943f690-fde5-11dd-83f4-b8a03c50a862"  system="http://gbif.org" scope="system"
xml:lang="en">

    <dataset>
            <alternateIdentifier>10.15468/yo3mmu</alternateIdentifier>
                <alternateIdentifier>https://www.gbif.se/ipt/resource?r=s-fbo</alternateIdentifier>
                <alternateIdentifier>http://www.gbif.se/ipt/resource?r=s-fbo</alternateIdentifier>
                <alternateIdentifier>http://www.gbif.se/ipt/resource.do?r=s-fbo</alternateIdentifier>
                <alternateIdentifier>0943f690-fde5-11dd-83f4-b8a03c50a862</alternateIdentifier>
                <alternateIdentifier>8113</alternateIdentifier>
        <title>Phanerogamic Botanical Collections (S)</title>
            <creator>
            <individualName>
<givenName>Johannes</givenName>                    <surName>Lundberg</surName>
            </individualName>
<organizationName>Swedish Museum of Natural History</organizationName><positionName>Senior Curator</positionName>            <address>
<city>Stockholm</city><country>SWEDEN</country>            </address>
<electronicMailAddress>johannes.lundberg@nrm.se</electronicMailAddress>            </creator>
            <metadataProvider>
            <individualName>
<givenName>Johannes</givenName>                    <surName>Lundberg</surName>
            </individualName>
<organizationName>Swedish Museum of Natural History</organizationName><positionName>Senior Curator</positionName>            <address>
<city>Stockholm</city><country>SWEDEN</country>            </address>
<electronicMailAddress>johannes.lundberg@nrm.se</electronicMailAddress>            </metadataProvider>
            <associatedParty>
            <individualName>
<givenName>Manash</givenName>                    <surName>Shah</surName>
            </individualName>
<organizationName>Swedish Museum of Natural History</organizationName><positionName>Database Developer</positionName>            <address>
<country>SWEDEN</country>            </address>
<electronicMailAddress>manash.shah@nrm.se</electronicMailAddress>            <role>USER</role>
            </associatedParty>
            <pubDate>
                2023-03-17
            </pubDate>
        <language>ENGLISH</language>
            <abstract>
                    <para>This database contains information on the specimens in the Phanerogamic Botanical Collections of the Swedish Museum of Natural History.</para>
            </abstract>
                <keywordSet>
                        <keyword>Occurrence</keyword>
                        <keywordThesaurus>GBIF Dataset Type Vocabulary: http://rs.gbif.org/vocabulary/gbif/dataset_type.xml</keywordThesaurus>
                </keywordSet>
                <keywordSet>
                        <keyword>Specimen</keyword>
                        <keywordThesaurus>GBIF Dataset Subtype Vocabulary: http://rs.gbif.org/vocabulary/gbif/dataset_subtype.xml</keywordThesaurus>
                </keywordSet>
                <keywordSet>
                        <keyword>Occurrence</keyword>
                        <keywordThesaurus>GBIF Dataset Type Vocabulary: http://rs.gbif.org/vocabulary/gbif/dataset_type_2015-07-10.xml</keywordThesaurus>
                </keywordSet>
            <intellectualRights>
                    <para>To the extent possible under law, the publisher has waived all rights to these data and has dedicated them to the <ulink url="http://creativecommons.org/publicdomain/zero/1.0/legalcode"><citetitle>Public Domain (CC0 1.0)</citetitle></ulink>. Users may copy, modify, distribute and use the work, including for commercial purposes, without restriction.</para>
            </intellectualRights>
            <distribution scope="document">
                <online>
                    <url function="information">https://herbarium.nrm.se/</url>
                </online>
            </distribution>
            <maintenance>
                <description>
                    <para></para>
                </description>
                <maintenanceUpdateFrequency>unkown</maintenanceUpdateFrequency>
            </maintenance>
            <contact>
            <individualName>
<givenName>Johannes</givenName>                    <surName>Lundberg</surName>
            </individualName>
<organizationName>Swedish Museum of Natural History</organizationName><positionName>Senior Curator</positionName>            <address>
<city>Stockholm</city><country>SWEDEN</country>            </address>
<electronicMailAddress>johannes.lundberg@nrm.se</electronicMailAddress>            </contact>
            <contact>
            <individualName>
<givenName>Veronika</givenName>                    <surName>Johansson</surName>
            </individualName>
<organizationName>Swedish Museum of Natural History</organizationName><positionName>Node Manager</positionName>            <address>
<city>Stockholm</city>            </address>
<electronicMailAddress>veronika.johansson@nrm.se</electronicMailAddress>            </contact>

    </dataset>

    <additionalMetadata>
        <metadata>
            <gbif>
                <dateStamp>2024-03-21T22:41:05Z</dateStamp>
                <citation>Lundberg J (2023). Phanerogamic Botanical Collections (S). Swedish Museum of Natural History. Occurrence dataset https://doi.org/10.15468/yo3mmu accessed via GBIF.org on 2024-03-21.</citation>
            </gbif>
        </metadata>
    </additionalMetadata>

</eml:eml>
