<?xml version="1.0" encoding="utf-8"?>
<eml:eml xmlns:eml="eml://ecoinformatics.org/eml-2.1.1" xmlns:xsi="http://www.w3.org/2001/XMLSchema-instance"
         xsi:schemaLocation="eml://ecoinformatics.org/eml-2.1.1 http://rs.gbif.org/schema/eml-gbif-profile/1.2/eml.xsd"
packageId="33795d9d-3f94-4b0e-a2f6-d3a03cfce7aa"  system="http://gbif.org" scope="system"
xml:lang="en">

    <dataset>
            <alternateIdentifier>10.15468/ulk1iz</alternateIdentifier>
                <alternateIdentifier>https://ipt.gbif.no/resource?r=bcd</alternateIdentifier>
                <alternateIdentifier>33795d9d-3f94-4b0e-a2f6-d3a03cfce7aa</alternateIdentifier>
                <alternateIdentifier>https://data.gbif.no/ipt/resource?r=bcd</alternateIdentifier>
                <alternateIdentifier>https://github.com/bioversity/geosite</alternateIdentifier>
                <alternateIdentifier>http://bioversity.github.io/geosite/index.html</alternateIdentifier>
        <title>Bioversity Collecting Mission Database</title>
            <creator>
            <individualName>
<givenName>Hannes</givenName>                    <surName>Gaisberger</surName>
            </individualName>
<organizationName>Bioversity International</organizationName><positionName>GIS Specialist</positionName>            <address>
<deliveryPoint>Via dei Tre Denari, 472/a</deliveryPoint><city>Maccarese</city><postalCode>00054</postalCode><country>ITALY</country>            </address>
<electronicMailAddress>h.gaisberger@cgiar.org</electronicMailAddress><onlineUrl>http://www.bioversityinternational.org/about-us/who-we-are/staff-bios/single-details-bios/gaisberger-hannes/</onlineUrl>            </creator>
            <metadataProvider>
            <individualName>
<givenName>Dag</givenName>                    <surName>Endresen</surName>
            </individualName>
<organizationName>GBIF Norway</organizationName><positionName>GBIF Node Manager</positionName>            <address>
<deliveryPoint>Sars gate 1</deliveryPoint><city>Oslo</city><postalCode>0318</postalCode><country>NORWAY</country>            </address>
<electronicMailAddress>dag.endresen@nhm.uio.no</electronicMailAddress><onlineUrl>http://www.gbif.no</onlineUrl>            <userId directory="http://orcid.org/">0000-0002-2352-5497</userId>
            </metadataProvider>
            <associatedParty>
            <individualName>
<givenName>Imke</givenName>                    <surName>Thormann</surName>
            </individualName>
<organizationName>Bioversity International</organizationName><positionName>Scientist, Plant Genetic Resources Conservation and Use</positionName>            <address>
<deliveryPoint>Via dei Tre Denari 472/a</deliveryPoint><city>Maccarese</city><postalCode>00054</postalCode><country>ITALY</country>            </address>
<electronicMailAddress>i.thormann@cgiar.org</electronicMailAddress><onlineUrl>http://www.bioversityinternational.org/about-us/who-we-are/staff-bios/single-details-bios/thormann-imke/</onlineUrl>            <userId directory="http://orcid.org/">0000-0003-2703-9805</userId>
            <role>POINT_OF_CONTACT</role>
            </associatedParty>
            <associatedParty>
            <individualName>
<givenName>Hannes</givenName>                    <surName>Gaisberger</surName>
            </individualName>
<organizationName>Bioversity International</organizationName><positionName>GIS Specialist</positionName>            <address>
<deliveryPoint>Via dei Tre Denari 472/</deliveryPoint><city>Maccarese</city><postalCode>00054</postalCode><country>ITALY</country>            </address>
<electronicMailAddress>h.gaisberger@cgiar.org</electronicMailAddress><onlineUrl>http://www.bioversityinternational.org/about-us/who-we-are/staff-bios/single-details-bios/gaisberger-hannes/</onlineUrl>            <role>AUTHOR</role>
            </associatedParty>
            <associatedParty>
            <individualName>
<givenName>Elizabeth</givenName>                    <surName>Arnaud</surName>
            </individualName>
<organizationName>Bioversity International</organizationName><positionName>Scientist</positionName>            <address>
<city>Montpellier</city><country>FRANCE</country>            </address>
<electronicMailAddress>e.arnaud@cgiar.org</electronicMailAddress><onlineUrl>http://www.bioversityinternational.org/about-us/who-we-are/staff-bios/single-details-bios/arnaud-elizabeth/</onlineUrl>            <userId directory="http://orcid.org/">0000-0002-6020-5919</userId>
            <role>USER</role>
            </associatedParty>
            <pubDate>
                2019-12-04
            </pubDate>
        <language>ENGLISH</language>
            <abstract>
                    <para>Access to original passport data of more than 220,000 crop landrace and wild relative samples collected around the world during Bioversity International supported missions. 27% of samples are crop wild relatives. About 150,000 samples are currently geo-referenced.</para>
                    <para>See http://bioversity.github.io/geosite/index.html</para>
            </abstract>
                <keywordSet>
                        <keyword>landraces</keyword>
                        <keyword>crop wild relatives</keyword>
                        <keyword>Germplasm collecting missions</keyword>
                        <keyword>original passport data</keyword>
                        <keywordThesaurus>GBIF Dataset Type Vocabulary: http://rs.gbif.org/vocabulary/gbif/dataset_type.xml</keywordThesaurus>
                </keywordSet>
            <intellectualRights>
                    <para>This work is licensed under a <ulink url="http://creativecommons.org/licenses/by-nc/4.0/legalcode"><citetitle>Creative Commons Attribution Non Commercial (CC-BY-NC) 4.0 License</citetitle></ulink>.</para>
            </intellectualRights>
            <distribution scope="document">
                <online>
                    <url function="information">http://bioversity.github.io/geosite/index.html</url>
                </online>
            </distribution>
            <coverage>
                    <temporalCoverage>
                            <rangeOfDates>
                                <beginDate>
                                    <calendarDate>                1974-01-01
</calendarDate>
                                </beginDate>
                                <endDate>
                                    <calendarDate>                2012-12-31
</calendarDate>
                                </endDate>
                            </rangeOfDates>
                    </temporalCoverage>
            </coverage>
            <maintenance>
                <description>
                    <para></para>
                </description>
                <maintenanceUpdateFrequency>asNeeded</maintenanceUpdateFrequency>
            </maintenance>
            <contact>
            <individualName>
<givenName>Imke</givenName>                    <surName>Thormann</surName>
            </individualName>
<organizationName>Bioversity International</organizationName><positionName>Scientist, Plant Genetic Resources Conservation and Use</positionName>            <address>
<deliveryPoint>Via dei Tre Denari, 472/a</deliveryPoint><city>Maccarese</city><postalCode>00054</postalCode><country>ITALY</country>            </address>
<electronicMailAddress>i.thormann@cgiar.org</electronicMailAddress><onlineUrl>http://www.bioversityinternational.org/about-us/who-we-are/staff-bios/single-details-bios/thormann-imke/</onlineUrl>            <userId directory="http://orcid.org/">0000-0003-2703-9805</userId>
            </contact>

    </dataset>

    <additionalMetadata>
        <metadata>
            <gbif>
                <dateStamp>2024-03-21T22:41:04Z</dateStamp>
                <citation>Gaisberger H, Endresen D (2019). Bioversity Collecting Mission Database. Version 1.10. Bioversity International. Occurrence dataset https://doi.org/10.15468/ulk1iz accessed via GBIF.org on 2024-03-21.</citation>
                    <bibliography>
                <citation identifier="http://doi.org/10.1007/s10722-012-9804-z">Thormann I., Gaisberger H., Mattei F., Snook L., Arnaud E. (2012). Digitization and online availability of original collecting mission data to improve data quality and enhance the conservation and use of plant genetic resources. Genet Resour Crop Evol 59:635–644.</citation>
                <citation identifier="http://doi.org/10.1007/s10722-015-0231-9">Thormann I., Fiorino E., Halewood M., Engels J.M.M. (2015). Plant genetic resources collections and associated information as baseline resource for genetic diversity studies – an assessment of the IBPGR supported collections. Genet Resour Crop Evol 62(8):1279–1293.</citation>
                    </bibliography>
                    <physical>
                        <objectName>Biodiversity Collecting Mission Database (Fusion Table)</objectName>
                        <characterEncoding>UTF-8</characterEncoding>
                        <dataFormat>
                            <externallyDefinedFormat>
                                <formatName>Web page</formatName>
                            </externallyDefinedFormat>
                        </dataFormat>
                        <distribution>
                            <online>
                                <url function="download">https://fusiontables.google.com/DataSource?docid=1sfPdnErQ8ZubgZaHEa7FrYmsp63VELha6JERUj8#rows:id=1</url>
                            </online>
                        </distribution>
                    </physical>
                    <resourceLogoUrl>https://ipt.gbif.no/logo.do?r=bcd</resourceLogoUrl>
            </gbif>
        </metadata>
    </additionalMetadata>

</eml:eml>
