<?xml version="1.0" encoding="utf-8"?>
<eml:eml xmlns:eml="eml://ecoinformatics.org/eml-2.1.1" xmlns:xsi="http://www.w3.org/2001/XMLSchema-instance"
         xsi:schemaLocation="eml://ecoinformatics.org/eml-2.1.1 http://rs.gbif.org/schema/eml-gbif-profile/1.2/eml.xsd"
packageId="3eb2dcfd-5a51-4576-a12e-b7bdeea251a6"  system="http://gbif.org" scope="system"
xml:lang="en">

    <dataset>
            <alternateIdentifier>10.15468/n36jmy</alternateIdentifier>
                <alternateIdentifier>https://scan-bugs.org:443/portal/collections/misc/collprofiles.php?collid=248</alternateIdentifier>
        <title>University of New Hampshire Collection of Insects and Arthropods (UNHC-UNHC)</title>
            <creator>
<organizationName>SCAN</organizationName><electronicMailAddress>scan_noreply@asu.edu</electronicMailAddress><onlineUrl>https://scan-bugs.org:443/portal/index.php</onlineUrl>            </creator>
            <metadataProvider>
<organizationName>SCAN</organizationName><electronicMailAddress>scan_noreply@asu.edu</electronicMailAddress><onlineUrl>https://scan-bugs.org:443/portal/index.php</onlineUrl>            </metadataProvider>
            <associatedParty>
<organizationName>University of New Hampshire Collection of Insects and Arthropods (UNHC-UNHC)</organizationName><positionName>Collection Manager</positionName><electronicMailAddress>istvan.miko@gmail.com</electronicMailAddress>            <role>CONTENT_PROVIDER</role>
            </associatedParty>
            <pubDate>
                2023-12-26
            </pubDate>
        <language>ENGLISH</language>
            <abstract>
                    <para>With more than 700,000 specimens and growing, the UNHC is the largest arthropod depository and research collection in northern New England. Over 12,000 species are represented from different regions of New England, featuring many specimens collected from the White Mountains. The UNHC is part of the Department of Biological Sciences and the College of Life Sciences and Agriculture and is dedicated to preserving the rich historical information encompassed by the collection and committed to acquiring new specimens and resources useful to the UNH Department of Biological Sciences and greater scientific community.</para>
            </abstract>
            <intellectualRights>
                    <para>To the extent possible under law, the publisher has waived all rights to these data and has dedicated them to the <ulink url="http://creativecommons.org/publicdomain/zero/1.0/legalcode"><citetitle>Public Domain (CC0 1.0)</citetitle></ulink>. Users may copy, modify, distribute and use the work, including for commercial purposes, without restriction.</para>
            </intellectualRights>
            <contact>
<organizationName>University of New Hampshire Collection of Insects and Arthropods (UNHC-UNHC)</organizationName><electronicMailAddress>istvan.miko@gmail.com</electronicMailAddress><onlineUrl>https://colsa.unh.edu/unh-collections/insects-other-arthropods</onlineUrl>            </contact>

    </dataset>

    <additionalMetadata>
        <metadata>
            <gbif>
                <dateStamp>2024-03-21T22:41:18Z</dateStamp>
                <citation>University of New Hamsphire Collection of Insects and other Arthropods (2023). University of New Hampshire Collection of Insects and Arthropods (UNHC-UNHC). Occurrence dataset https://doi.org/10.15468/n36jmy accessed via GBIF.org on 2024-03-21.</citation>
            </gbif>
        </metadata>
    </additionalMetadata>

</eml:eml>
