<?xml version="1.0" encoding="utf-8"?>
<eml:eml xmlns:eml="eml://ecoinformatics.org/eml-2.1.1" xmlns:xsi="http://www.w3.org/2001/XMLSchema-instance"
         xsi:schemaLocation="eml://ecoinformatics.org/eml-2.1.1 http://rs.gbif.org/schema/eml-gbif-profile/1.2/eml.xsd"
packageId="40a5e8ac-3d50-4e03-849c-d52defe3ff6b"  system="http://gbif.org" scope="system"
xml:lang="fr">

    <dataset>
            <alternateIdentifier>10.15468/7m584w</alternateIdentifier>
                <alternateIdentifier>https://ipt.recolnat.org/resource?r=lyb</alternateIdentifier>
        <title>Université Lyon 1</title>
            <creator>
            <individualName>
<givenName>Mélanie</givenName>                    <surName>Thiébaut</surName>
            </individualName>
<organizationName>Université Lyon 1</organizationName><positionName>Responsable de l&apos;herbier LY</positionName>            <address>
<deliveryPoint>Bâtiment Herbier, 9 rue Raphaël Dubois</deliveryPoint><city>Villeurbanne</city><postalCode>69100</postalCode>            </address>
<phone>0033(0)472431559</phone><electronicMailAddress>melanie.thiebaut@univ-lyon1.fr</electronicMailAddress><onlineUrl>https://www.researchgate.net/profile/Melanie-Thiebaut</onlineUrl>            <userId directory="https://orcid.org/">0000-0001-7406-3344r</userId>
            </creator>
            <metadataProvider>
            <individualName>
<givenName>Mélanie</givenName>                    <surName>Thiébaut</surName>
            </individualName>
<organizationName>Université Lyon 1</organizationName><positionName>Responsable de l&apos;herbier LY</positionName>            <address>
<deliveryPoint>Bâtiment Herbier, 9 rue Raphaël Dubois</deliveryPoint><city>Villeurbanne</city><postalCode>69100</postalCode>            </address>
<phone>0033(0)472431559</phone><electronicMailAddress>melanie.thiebaut@univ-lyon1.fr</electronicMailAddress><onlineUrl>https://www.researchgate.net/profile/Melanie-Thiebaut</onlineUrl>            <userId directory="https://orcid.org/">0000-0001-7406-3344r</userId>
            </metadataProvider>
            <pubDate>
                2022-01-07
            </pubDate>
        <language>ENGLISH</language>
            <abstract>
                    <para>L&amp;#39;Université Claude Bernard Lyon 1 recèle un grand nombre de collections exceptionnelles par leur richesse et leur diversité. L&amp;#39;herbier se situe au second rang français et parmi les dix plus grandes institutions mondiales selon l’index herbariorum. Il représente un outil remarquable pour la recherche, la pédagogie ainsi que la muséographie. On y trouve plus de la moitié des plantes à fleurs de la planète, des mousses, fougères et algues ainsi qu&amp;#39;une remarquable collection de mycologie. Les Phanérogames en ligne concenrnent la totalté de la collection Roland Bonaparte et de la collection Georges Rouy, la majeure partie de l&amp;#39;herbier &amp;#34;Princeps&amp;#34; d&amp;#39;Alexis Jordan et certains spécimens des collections Gandoger, Roux, Richard, Parseval Grandmaison, Chiron etc.</para>
            </abstract>
                <keywordSet>
                        <keyword>occurrences</keyword>
                        <keyword>botanique</keyword>
                        <keyword>musées</keyword>
                        <keyword>RECOLNAT

Natural history museums</keyword>
                        <keyword>réseau national des collections naturalistes</keyword>
                        <keyword>naturalist collections</keyword>
                        <keyword>géologie</keyword>
                        <keyword>botany</keyword>
                        <keyword>figured</keyword>
                        <keyword>onymophoronts</keyword>
                        <keyword>taxonomy</keyword>
                        <keyword>palaeontology</keyword>
                        <keyword>geology</keyword>
                        <keyword>data curation</keyword>
                        <keyword>ecology</keyword>
                        <keyword>museums</keyword>
                        <keyword>universities</keyword>
                        <keyword>RECOLNAT</keyword>
                        <keyword>collections</keyword>
                        <keyword>spécimens</keyword>
                        <keyword>biogéographie</keyword>
                        <keyword>numérisation</keyword>
                        <keyword>paléontologie</keyword>
                        <keyword>universités</keyword>
                        <keyword>écologie</keyword>
                        <keyword>types</keyword>
                        <keyword>mycologie</keyword>
                        <keyword>biodiversity</keyword>
                        <keyword>collecteurs</keyword>
                        <keyword>taxinomie</keyword>
                        <keyword>biogeography</keyword>
                        <keyword>naturalists</keyword>
                        <keyword>specimens</keyword>
                        <keyword>collections naturalistes</keyword>
                        <keyword>French National Network of Naturalist Collections</keyword>
                        <keyword>figuré</keyword>
                        <keyword>digitisation</keyword>
                        <keyword>Muséums d’histoire naturelle</keyword>
                        <keyword>onymophorontes</keyword>
                        <keyword>biodiversité</keyword>
                        <keyword>collectors</keyword>
                        <keyword>zoologie</keyword>
                        <keyword>naturalistes</keyword>
                        <keyword>informatisation</keyword>
                        <keyword>mycology</keyword>
                        <keyword>zoology</keyword>
                        <keywordThesaurus>GBIF Dataset Type Vocabulary: http://rs.gbif.org/vocabulary/gbif/dataset_type_2015-07-10.xml</keywordThesaurus>
                </keywordSet>
                <keywordSet>
                        <keyword>occurrences</keyword>
                        <keyword>botanique</keyword>
                        <keyword>musées</keyword>
                        <keyword>RECOLNAT

Natural history museums</keyword>
                        <keyword>réseau national des collections naturalistes</keyword>
                        <keyword>naturalist collections</keyword>
                        <keyword>géologie</keyword>
                        <keyword>botany</keyword>
                        <keyword>figured</keyword>
                        <keyword>onymophoronts</keyword>
                        <keyword>taxonomy</keyword>
                        <keyword>palaeontology</keyword>
                        <keyword>geology</keyword>
                        <keyword>data curation</keyword>
                        <keyword>ecology</keyword>
                        <keyword>museums</keyword>
                        <keyword>universities</keyword>
                        <keyword>RECOLNAT</keyword>
                        <keyword>collections</keyword>
                        <keyword>spécimens</keyword>
                        <keyword>biogéographie</keyword>
                        <keyword>numérisation</keyword>
                        <keyword>paléontologie</keyword>
                        <keyword>universités</keyword>
                        <keyword>écologie</keyword>
                        <keyword>types</keyword>
                        <keyword>mycologie</keyword>
                        <keyword>biodiversity</keyword>
                        <keyword>collecteurs</keyword>
                        <keyword>taxinomie</keyword>
                        <keyword>biogeography</keyword>
                        <keyword>naturalists</keyword>
                        <keyword>specimens</keyword>
                        <keyword>collections naturalistes</keyword>
                        <keyword>French National Network of Naturalist Collections</keyword>
                        <keyword>figuré</keyword>
                        <keyword>digitisation</keyword>
                        <keyword>Muséums d’histoire naturelle</keyword>
                        <keyword>onymophorontes</keyword>
                        <keyword>biodiversité</keyword>
                        <keyword>collectors</keyword>
                        <keyword>zoologie</keyword>
                        <keyword>naturalistes</keyword>
                        <keyword>informatisation</keyword>
                        <keyword>mycology</keyword>
                        <keyword>zoology</keyword>
                        <keywordThesaurus>GBIF Dataset Subtype Vocabulary: http://rs.gbif.org/vocabulary/gbif/dataset_subtype.xml</keywordThesaurus>
                </keywordSet>
            <intellectualRights>
                    <para>This work is licensed under a <ulink url="http://creativecommons.org/licenses/by-nc/4.0/legalcode"><citetitle>Creative Commons Attribution Non Commercial (CC-BY-NC) 4.0 License</citetitle></ulink>.</para>
            </intellectualRights>
            <coverage>
                    <geographicCoverage>
                            <geographicDescription>global coverage</geographicDescription>
                            <boundingCoordinates>
                                <westBoundingCoordinate>-180</westBoundingCoordinate>
                                <eastBoundingCoordinate>180</eastBoundingCoordinate>
                                <northBoundingCoordinate>90</northBoundingCoordinate>
                                <southBoundingCoordinate>-90</southBoundingCoordinate>
                            </boundingCoordinates>
                    </geographicCoverage>
            </coverage>
            <maintenance>
                <description>
                    <para></para>
                </description>
                <maintenanceUpdateFrequency>unkown</maintenanceUpdateFrequency>
            </maintenance>
            <contact>
            <individualName>
<givenName>Mélanie</givenName>                    <surName>Thiébaut</surName>
            </individualName>
<organizationName>Université Lyon 1</organizationName><positionName>Responsable de l&apos;herbier LY</positionName>            <address>
<deliveryPoint>Bâtiment Herbier, 9 rue Raphaël Dubois</deliveryPoint><city>Villeurbanne</city><postalCode>69100</postalCode>            </address>
<phone>0033(0)472431559</phone><electronicMailAddress>melanie.thiebaut@univ-lyon1.fr</electronicMailAddress><onlineUrl>https://www.researchgate.net/profile/Melanie-Thiebaut</onlineUrl>            <userId directory="https://orcid.org/">0000-0001-7406-3344r</userId>
            </contact>
            <methods>
                    <methodStep>
                        <description>
                            <para></para>
                        </description>
                    </methodStep>
            </methods>

    </dataset>

    <additionalMetadata>
        <metadata>
            <gbif>
                <dateStamp>2024-03-21T22:41:02Z</dateStamp>
                <citation>Thiébaut M (2022). Université Lyon 1. RECOLNAT. Occurrence dataset https://doi.org/10.15468/7m584w accessed via GBIF.org on 2024-03-21.</citation>
            </gbif>
        </metadata>
    </additionalMetadata>

</eml:eml>
