<?xml version="1.0" encoding="utf-8"?>
<eml:eml xmlns:eml="eml://ecoinformatics.org/eml-2.1.1" xmlns:xsi="http://www.w3.org/2001/XMLSchema-instance"
         xsi:schemaLocation="eml://ecoinformatics.org/eml-2.1.1 http://rs.gbif.org/schema/eml-gbif-profile/1.2/eml.xsd"
packageId="4e07968c-842b-4c22-8f57-ac14a9e7934b"  system="http://gbif.org" scope="system"
xml:lang="en">

    <dataset>
            <alternateIdentifier>10.15468/yysad6</alternateIdentifier>
                <alternateIdentifier>https://swbiodiversity.org/seinet/collections/misc/collprofiles.php?collid=128</alternateIdentifier>
        <title>Gila National Forest Herbarium</title>
            <creator>
<organizationName>SEINet Portal Network</organizationName><electronicMailAddress>seinetAdmin@asu.edu</electronicMailAddress><onlineUrl>https://swbiodiversity.org/seinet/index.php</onlineUrl>            </creator>
            <metadataProvider>
<organizationName>SEINet Portal Network</organizationName><electronicMailAddress>seinetAdmin@asu.edu</electronicMailAddress><onlineUrl>https://swbiodiversity.org/seinet/index.php</onlineUrl>            </metadataProvider>
            <associatedParty>
            <individualName>
<givenName>Jim</givenName>                    <surName>McGrath</surName>
            </individualName>
<positionName>Primary Contact</positionName><electronicMailAddress>james.mcgrath2@usda.gov</electronicMailAddress>            <role>CONTENT_PROVIDER</role>
            </associatedParty>
            <associatedParty>
            <individualName>
<givenName>Jenny (Nessa)</givenName>                    <surName>Rasmussen</surName>
            </individualName>
<positionName>Secondary Contact</positionName><electronicMailAddress>Jenny.Rasmussen2@usda.gov</electronicMailAddress>            <role>CONTENT_PROVIDER</role>
            </associatedParty>
            <pubDate>
                2023-12-05
            </pubDate>
        <language>ENGLISH</language>
            <abstract>
                    <para>The collection as of August, 2023 contains 2147 specimens. The majority of specimens have been collected in Gila National forest and other areas of SW New Mexico. Many specimens were donated by Jack L. Carter, the author of Trees and Shrubs of New Mexico. Dr. Carter was a long-time resident of Silver City, NM, which is also the home of the Gila National Forest Herbarium. Dr. Carter gathered numerous volunteers to document the flora of SW NM during the 1990s. The specimens collected by Dr. Carter and volunteers make up the bulk of the Gila NF Herbarium. Vascular plants are the focus of the herbarium with lichens absent and only two moss specimens present. The Poaceae is especially well represented in the collection. </para>
            </abstract>
            <intellectualRights>
                    <para>This work is licensed under a <ulink url="http://creativecommons.org/licenses/by/4.0/legalcode"><citetitle>Creative Commons Attribution (CC-BY) 4.0 License</citetitle></ulink>.</para>
            </intellectualRights>
            <contact>
<organizationName>Gila National Forest Herbarium</organizationName><phone>(575) 388-8201</phone><electronicMailAddress>james.mcgrath2@usda.gov</electronicMailAddress>            </contact>

    </dataset>

    <additionalMetadata>
        <metadata>
            <gbif>
                <dateStamp>2024-03-21T22:41:28Z</dateStamp>
                <citation>USDA Forest Service (FS) (2023). Gila National Forest Herbarium. Occurrence dataset https://doi.org/10.15468/yysad6 accessed via GBIF.org on 2024-03-21.</citation>
            </gbif>
        </metadata>
    </additionalMetadata>

</eml:eml>
