<?xml version="1.0" encoding="utf-8"?>
<eml:eml xmlns:eml="eml://ecoinformatics.org/eml-2.1.1" xmlns:xsi="http://www.w3.org/2001/XMLSchema-instance"
         xsi:schemaLocation="eml://ecoinformatics.org/eml-2.1.1 http://rs.gbif.org/schema/eml-gbif-profile/1.2/eml.xsd"
packageId="4ff48dbe-fe29-47f5-bd8c-0e1b94905ee1"  system="http://gbif.org" scope="system"
xml:lang="es">

    <dataset>
            <alternateIdentifier>10.15468/qljg25</alternateIdentifier>
                <alternateIdentifier>https://www.snib.mx/iptconabio/resource?r=SNIB-ES008</alternateIdentifier>
                <alternateIdentifier>http://ipttest.conabio.gob.mx/iptconabiotest/resource?r=SNIB-ES008</alternateIdentifier>
                <alternateIdentifier>http://www.snib.mx/iptconabio/resource?r=SNIB-ES008</alternateIdentifier>
                <alternateIdentifier>http://www.snib.mx/iptconabio/resource?r=SNIB-ES008-Varios+archivos+XLS-ND</alternateIdentifier>
                <alternateIdentifier>4ff48dbe-fe29-47f5-bd8c-0e1b94905ee1</alternateIdentifier>
        <title>Distribución, estructura poblacional y utilización del saguaro (Carnegiea gigantea (Engelm.) Britt. &amp;  Rose) en México</title>
            <creator>
            <individualName>
<givenName>José Alberto</givenName>                    <surName>Búrquez Montijo</surName>
            </individualName>
<organizationName>Universidad Nacional Autónoma de México
Instituto de Ecología
Estación Regional Noroeste
Departamento de Ecología Funcional</organizationName><positionName>Responsable</positionName>            <address>
<deliveryPoint>Blvd Luis Donaldo Colosio s/n entre Sahuaripa y Madrid Col. Los Arcos</deliveryPoint><city>Hermosillo</city><administrativeArea>Sonora</administrativeArea><postalCode>83250</postalCode><country>MEXICO</country>            </address>
<phone>Tel 01(662)13 9303  Tel/Fax 01(662)17 5340</phone><electronicMailAddress>montijo@unam.mx</electronicMailAddress>            </creator>
            <metadataProvider>
            <individualName>
<givenName>CONABIO</givenName>                    <surName>Comisión nacional para el conocimiento y uso de la biodiversidad</surName>
            </individualName>
<organizationName>Comisión Nacional para el Conocimiento y Uso de la Biodiversidad</organizationName><positionName>Dirección General de Sistemas</positionName>            <address>
<deliveryPoint>Liga Periférico-Insurgentes Sur No. 4903, Col. Parques del Pedregal</deliveryPoint><city>MÉXICO</city><administrativeArea>Tlalpan</administrativeArea><postalCode>14010</postalCode><country>MEXICO</country>            </address>
<phone>50045000</phone><electronicMailAddress>patricia.ramos@conabio.gob.mx</electronicMailAddress><onlineUrl>https://www.gob.mx/conabio</onlineUrl>            </metadataProvider>
            <pubDate>
                2023-08-16
            </pubDate>
        <language>SPANISH</language>
            <abstract>
                    <para>Este proyecto representa la primera fase de un estudio monográfico sobre la ecología del saguaro (Carnegia gigantea [Engelmann] Britton &amp;amp;  Rose), una especie emblemática del Desierto Sonorense que está incluida en el Apéndice II de la CITES y que actualmente sufre de explotación de su madera para abastecer la demanda internacional. Esta primera parte incluye: 1) la recopilación bibliográfica extensiva y el análisis de esta información, 2) la elaboración de un mapa de distribución potencial utilizando técnicas de Algoritmos Genéticos para Producción de Reglas (GARP&amp;#61;Genetic Algorithm for Rule Set Production), 3) el trabajo de campo para validar el mapa producido con GARP, 4) la estimación de la estructura poblacional en términos de diferentes parámetros de tamaño de los individuos y de las poblaciones en localidades selectas en su ámbito de distribución, y 5) la ejecución de un programa de entrevistas y cuestionarios para evaluar al nivel local el tipo e intensidad de explotación de los productos de saguaro. La segunda fase (presentada en un documento separado) comprende la medición de tasas de crecimiento individual en poblaciones selectas, la estimación de la variabilidad y diferenciación fenotípica y genética a gran escala, la medición de los patrones fenológicos y de éxito reproductivo en un contexto espacial, la evaluación de la presencia de madera muerta de saguaro en la dinámica ecosistémica local, la continuación del programa de entrevistas y cuestionarios y el monitereo a largo plazo del crecimiento y sobrevivencia de los individuos de cuatro poblaciones selectas distribuidas a lo largo de su ámbito de distribución.</para>
                    <para>Reino: 1
Filo: 1
Clase: 1
Orden: 16
Familia: 25
Género: 50
Especie: 76
Epitetoinfraespecifico: 6</para>
            </abstract>
                <keywordSet>
                        <keyword>Occurrence</keyword>
                        <keywordThesaurus>GBIF Dataset Type Vocabulary: http://rs.gbif.org/vocabulary/gbif/dataset_type.xml</keywordThesaurus>
                </keywordSet>
                <keywordSet>
                        <keyword>Plantas</keyword>
                        <keywordThesaurus>N/A</keywordThesaurus>
                </keywordSet>
                <keywordSet>
                        <keyword>Occurrence</keyword>
                        <keywordThesaurus>GBIF Dataset Type Vocabulary: http://rs.gbif.org/vocabulary/gbif/dataset_type_2015-07-10.xml</keywordThesaurus>
                </keywordSet>
            <intellectualRights>
                    <para>This work is licensed under a <ulink url="http://creativecommons.org/licenses/by/4.0/legalcode"><citetitle>Creative Commons Attribution (CC-BY) 4.0 License</citetitle></ulink>.</para>
            </intellectualRights>
            <distribution scope="document">
                <online>
                    <url function="information">http://www.snib.mx/proyectos/cgi-bin/datos2.cgi?Letras=ES&amp;Numero=8</url>
                </online>
            </distribution>
            <coverage>
                    <geographicCoverage>
                            <geographicDescription>País: ESTADOS UNIDOS DE AMERICA (ARIZONA)
País: MEXICO (SONORA)</geographicDescription>
                            <boundingCoordinates>
                                <westBoundingCoordinate>-115.353</westBoundingCoordinate>
                                <eastBoundingCoordinate>-109.304</eastBoundingCoordinate>
                                <northBoundingCoordinate>32.865</northBoundingCoordinate>
                                <southBoundingCoordinate>26.719</southBoundingCoordinate>
                            </boundingCoordinates>
                    </geographicCoverage>
                        <taxonomicCoverage>
                                <generalTaxonomicCoverage>Reino: Plantae
Filo: Tracheophyta
Clase: Equisetopsida
Orden: Caryophyllales, Fabales, Malpighiales, Asterales, Ericales, Solanales, Zygophyllales, Poales, Sapindales, Brassicales, Rosales, Celastrales, Lamiales, Gentianales, Cucurbitales, Malvales
Familia: Cactaceae, Fabaceae, Euphorbiaceae, Asteraceae, Fouquieriaceae, Solanaceae, Zygophyllaceae, Poaceae, Chenopodiaceae, Polygonaceae, Convolvulaceae, Burseraceae, Capparaceae, Cannabaceae, Malpighiaceae, Krameriaceae, Celastraceae, Rhamnaceae, Achatocarpaceae, Verbenaceae, Rubiaceae, Cucurbitaceae, Malvaceae, Acanthaceae, Resedaceae</generalTaxonomicCoverage>
                                <taxonomicClassification>
                                        <taxonRankName>Kingdom</taxonRankName>
                                    <taxonRankValue>Plantae</taxonRankValue>
                                </taxonomicClassification>
                                <taxonomicClassification>
                                        <taxonRankName>Phylum</taxonRankName>
                                    <taxonRankValue>Tracheophyta</taxonRankValue>
                                </taxonomicClassification>
                                <taxonomicClassification>
                                        <taxonRankName>Class</taxonRankName>
                                    <taxonRankValue>Equisetopsida</taxonRankValue>
                                </taxonomicClassification>
                                <taxonomicClassification>
                                        <taxonRankName>Order</taxonRankName>
                                    <taxonRankValue>Caryophyllales</taxonRankValue>
                                </taxonomicClassification>
                                <taxonomicClassification>
                                        <taxonRankName>Order</taxonRankName>
                                    <taxonRankValue>Fabales</taxonRankValue>
                                </taxonomicClassification>
                                <taxonomicClassification>
                                        <taxonRankName>Order</taxonRankName>
                                    <taxonRankValue>Malpighiales</taxonRankValue>
                                </taxonomicClassification>
                                <taxonomicClassification>
                                        <taxonRankName>Order</taxonRankName>
                                    <taxonRankValue>Asterales</taxonRankValue>
                                </taxonomicClassification>
                                <taxonomicClassification>
                                        <taxonRankName>Order</taxonRankName>
                                    <taxonRankValue>Ericales</taxonRankValue>
                                </taxonomicClassification>
                                <taxonomicClassification>
                                        <taxonRankName>Order</taxonRankName>
                                    <taxonRankValue>Solanales</taxonRankValue>
                                </taxonomicClassification>
                                <taxonomicClassification>
                                        <taxonRankName>Order</taxonRankName>
                                    <taxonRankValue>Zygophyllales</taxonRankValue>
                                </taxonomicClassification>
                                <taxonomicClassification>
                                        <taxonRankName>Order</taxonRankName>
                                    <taxonRankValue>Poales</taxonRankValue>
                                </taxonomicClassification>
                                <taxonomicClassification>
                                        <taxonRankName>Order</taxonRankName>
                                    <taxonRankValue>Sapindales</taxonRankValue>
                                </taxonomicClassification>
                                <taxonomicClassification>
                                        <taxonRankName>Order</taxonRankName>
                                    <taxonRankValue>Brassicales</taxonRankValue>
                                </taxonomicClassification>
                                <taxonomicClassification>
                                        <taxonRankName>Order</taxonRankName>
                                    <taxonRankValue>Rosales</taxonRankValue>
                                </taxonomicClassification>
                                <taxonomicClassification>
                                        <taxonRankName>Order</taxonRankName>
                                    <taxonRankValue>Celastrales</taxonRankValue>
                                </taxonomicClassification>
                                <taxonomicClassification>
                                        <taxonRankName>Order</taxonRankName>
                                    <taxonRankValue>Lamiales</taxonRankValue>
                                </taxonomicClassification>
                                <taxonomicClassification>
                                        <taxonRankName>Order</taxonRankName>
                                    <taxonRankValue>Gentianales</taxonRankValue>
                                </taxonomicClassification>
                                <taxonomicClassification>
                                        <taxonRankName>Order</taxonRankName>
                                    <taxonRankValue>Cucurbitales</taxonRankValue>
                                </taxonomicClassification>
                                <taxonomicClassification>
                                        <taxonRankName>Order</taxonRankName>
                                    <taxonRankValue>Malvales</taxonRankValue>
                                </taxonomicClassification>
                                <taxonomicClassification>
                                        <taxonRankName>Family</taxonRankName>
                                    <taxonRankValue>Cactaceae</taxonRankValue>
                                </taxonomicClassification>
                                <taxonomicClassification>
                                        <taxonRankName>Family</taxonRankName>
                                    <taxonRankValue>Fabaceae</taxonRankValue>
                                </taxonomicClassification>
                                <taxonomicClassification>
                                        <taxonRankName>Family</taxonRankName>
                                    <taxonRankValue>Euphorbiaceae</taxonRankValue>
                                </taxonomicClassification>
                                <taxonomicClassification>
                                        <taxonRankName>Family</taxonRankName>
                                    <taxonRankValue>Asteraceae</taxonRankValue>
                                </taxonomicClassification>
                                <taxonomicClassification>
                                        <taxonRankName>Family</taxonRankName>
                                    <taxonRankValue>Fouquieriaceae</taxonRankValue>
                                </taxonomicClassification>
                                <taxonomicClassification>
                                        <taxonRankName>Family</taxonRankName>
                                    <taxonRankValue>Solanaceae</taxonRankValue>
                                </taxonomicClassification>
                                <taxonomicClassification>
                                        <taxonRankName>Family</taxonRankName>
                                    <taxonRankValue>Zygophyllaceae</taxonRankValue>
                                </taxonomicClassification>
                                <taxonomicClassification>
                                        <taxonRankName>Family</taxonRankName>
                                    <taxonRankValue>Poaceae</taxonRankValue>
                                </taxonomicClassification>
                                <taxonomicClassification>
                                        <taxonRankName>Family</taxonRankName>
                                    <taxonRankValue>Chenopodiaceae</taxonRankValue>
                                </taxonomicClassification>
                                <taxonomicClassification>
                                        <taxonRankName>Family</taxonRankName>
                                    <taxonRankValue>Polygonaceae</taxonRankValue>
                                </taxonomicClassification>
                                <taxonomicClassification>
                                        <taxonRankName>Family</taxonRankName>
                                    <taxonRankValue>Convolvulaceae</taxonRankValue>
                                </taxonomicClassification>
                                <taxonomicClassification>
                                        <taxonRankName>Family</taxonRankName>
                                    <taxonRankValue>Burseraceae</taxonRankValue>
                                </taxonomicClassification>
                                <taxonomicClassification>
                                        <taxonRankName>Family</taxonRankName>
                                    <taxonRankValue>Capparaceae</taxonRankValue>
                                </taxonomicClassification>
                                <taxonomicClassification>
                                        <taxonRankName>Family</taxonRankName>
                                    <taxonRankValue>Cannabaceae</taxonRankValue>
                                </taxonomicClassification>
                                <taxonomicClassification>
                                        <taxonRankName>Family</taxonRankName>
                                    <taxonRankValue>Malpighiaceae</taxonRankValue>
                                </taxonomicClassification>
                                <taxonomicClassification>
                                        <taxonRankName>Family</taxonRankName>
                                    <taxonRankValue>Krameriaceae</taxonRankValue>
                                </taxonomicClassification>
                                <taxonomicClassification>
                                        <taxonRankName>Family</taxonRankName>
                                    <taxonRankValue>Celastraceae</taxonRankValue>
                                </taxonomicClassification>
                                <taxonomicClassification>
                                        <taxonRankName>Family</taxonRankName>
                                    <taxonRankValue>Rhamnaceae</taxonRankValue>
                                </taxonomicClassification>
                                <taxonomicClassification>
                                        <taxonRankName>Family</taxonRankName>
                                    <taxonRankValue>Achatocarpaceae</taxonRankValue>
                                </taxonomicClassification>
                                <taxonomicClassification>
                                        <taxonRankName>Family</taxonRankName>
                                    <taxonRankValue>Verbenaceae</taxonRankValue>
                                </taxonomicClassification>
                                <taxonomicClassification>
                                        <taxonRankName>Family</taxonRankName>
                                    <taxonRankValue>Rubiaceae</taxonRankValue>
                                </taxonomicClassification>
                                <taxonomicClassification>
                                        <taxonRankName>Family</taxonRankName>
                                    <taxonRankValue>Cucurbitaceae</taxonRankValue>
                                </taxonomicClassification>
                                <taxonomicClassification>
                                        <taxonRankName>Family</taxonRankName>
                                    <taxonRankValue>Malvaceae</taxonRankValue>
                                </taxonomicClassification>
                                <taxonomicClassification>
                                        <taxonRankName>Family</taxonRankName>
                                    <taxonRankValue>Acanthaceae</taxonRankValue>
                                </taxonomicClassification>
                                <taxonomicClassification>
                                        <taxonRankName>Family</taxonRankName>
                                    <taxonRankValue>Resedaceae</taxonRankValue>
                                </taxonomicClassification>
                                <taxonomicClassification>
                                        <taxonRankName>Genus</taxonRankName>
                                    <taxonRankValue>Carnegiea</taxonRankValue>
                                </taxonomicClassification>
                                <taxonomicClassification>
                                        <taxonRankName>Genus</taxonRankName>
                                    <taxonRankValue>Opuntia</taxonRankValue>
                                </taxonomicClassification>
                                <taxonomicClassification>
                                        <taxonRankName>Genus</taxonRankName>
                                    <taxonRankValue>Mimosa</taxonRankValue>
                                </taxonomicClassification>
                                <taxonomicClassification>
                                        <taxonRankName>Genus</taxonRankName>
                                    <taxonRankValue>Stenocereus</taxonRankValue>
                                </taxonomicClassification>
                                <taxonomicClassification>
                                        <taxonRankName>Genus</taxonRankName>
                                    <taxonRankValue>Olneya</taxonRankValue>
                                </taxonomicClassification>
                                <taxonomicClassification>
                                        <taxonRankName>Genus</taxonRankName>
                                    <taxonRankValue>Sebastiania</taxonRankValue>
                                </taxonomicClassification>
                                <taxonomicClassification>
                                        <taxonRankName>Genus</taxonRankName>
                                    <taxonRankValue>Ambrosia</taxonRankValue>
                                </taxonomicClassification>
                                <taxonomicClassification>
                                        <taxonRankName>Genus</taxonRankName>
                                    <taxonRankValue>Fouquieria</taxonRankValue>
                                </taxonomicClassification>
                                <taxonomicClassification>
                                        <taxonRankName>Genus</taxonRankName>
                                    <taxonRankValue>Jatropha</taxonRankValue>
                                </taxonomicClassification>
                                <taxonomicClassification>
                                        <taxonRankName>Genus</taxonRankName>
                                    <taxonRankValue>Lycium</taxonRankValue>
                                </taxonomicClassification>
                                <taxonomicClassification>
                                        <taxonRankName>Genus</taxonRankName>
                                    <taxonRankValue>Larrea</taxonRankValue>
                                </taxonomicClassification>
                                <taxonomicClassification>
                                        <taxonRankName>Genus</taxonRankName>
                                    <taxonRankValue>Hoffmannseggia</taxonRankValue>
                                </taxonomicClassification>
                                <taxonomicClassification>
                                        <taxonRankName>Genus</taxonRankName>
                                    <taxonRankValue>Pennisetum</taxonRankValue>
                                </taxonomicClassification>
                                <taxonomicClassification>
                                        <taxonRankName>Genus</taxonRankName>
                                    <taxonRankValue>Coursetia</taxonRankValue>
                                </taxonomicClassification>
                                <taxonomicClassification>
                                        <taxonRankName>Genus</taxonRankName>
                                    <taxonRankValue>Encelia</taxonRankValue>
                                </taxonomicClassification>
                                <taxonomicClassification>
                                        <taxonRankName>Genus</taxonRankName>
                                    <taxonRankValue>Panicum</taxonRankValue>
                                </taxonomicClassification>
                                <taxonomicClassification>
                                        <taxonRankName>Genus</taxonRankName>
                                    <taxonRankValue>Atriplex</taxonRankValue>
                                </taxonomicClassification>
                                <taxonomicClassification>
                                        <taxonRankName>Genus</taxonRankName>
                                    <taxonRankValue>Trixis</taxonRankValue>
                                </taxonomicClassification>
                                <taxonomicClassification>
                                        <taxonRankName>Genus</taxonRankName>
                                    <taxonRankValue>Mammillaria</taxonRankValue>
                                </taxonomicClassification>
                                <taxonomicClassification>
                                        <taxonRankName>Genus</taxonRankName>
                                    <taxonRankValue>Guaiacum</taxonRankValue>
                                </taxonomicClassification>
                                <taxonomicClassification>
                                        <taxonRankName>Genus</taxonRankName>
                                    <taxonRankValue>Ipomoea</taxonRankValue>
                                </taxonomicClassification>
                                <taxonomicClassification>
                                        <taxonRankName>Genus</taxonRankName>
                                    <taxonRankValue>Bursera</taxonRankValue>
                                </taxonomicClassification>
                                <taxonomicClassification>
                                        <taxonRankName>Genus</taxonRankName>
                                    <taxonRankValue>Pleuraphis</taxonRankValue>
                                </taxonomicClassification>
                                <taxonomicClassification>
                                        <taxonRankName>Genus</taxonRankName>
                                    <taxonRankValue>Parkinsonia</taxonRankValue>
                                </taxonomicClassification>
                                <taxonomicClassification>
                                        <taxonRankName>Genus</taxonRankName>
                                    <taxonRankValue>Acacia</taxonRankValue>
                                </taxonomicClassification>
                                <taxonomicClassification>
                                        <taxonRankName>Genus</taxonRankName>
                                    <taxonRankValue>Merremia</taxonRankValue>
                                </taxonomicClassification>
                                <taxonomicClassification>
                                        <taxonRankName>Genus</taxonRankName>
                                    <taxonRankValue>Atamisquea</taxonRankValue>
                                </taxonomicClassification>
                                <taxonomicClassification>
                                        <taxonRankName>Genus</taxonRankName>
                                    <taxonRankValue>Celtis</taxonRankValue>
                                </taxonomicClassification>
                                <taxonomicClassification>
                                        <taxonRankName>Genus</taxonRankName>
                                    <taxonRankValue>Prosopis</taxonRankValue>
                                </taxonomicClassification>
                                <taxonomicClassification>
                                        <taxonRankName>Genus</taxonRankName>
                                    <taxonRankValue>Echinocereus</taxonRankValue>
                                </taxonomicClassification>
                                <taxonomicClassification>
                                        <taxonRankName>Genus</taxonRankName>
                                    <taxonRankValue>Heteropterys</taxonRankValue>
                                </taxonomicClassification>
                                <taxonomicClassification>
                                        <taxonRankName>Genus</taxonRankName>
                                    <taxonRankValue>Ferocactus</taxonRankValue>
                                </taxonomicClassification>
                                <taxonomicClassification>
                                        <taxonRankName>Genus</taxonRankName>
                                    <taxonRankValue>Krameria</taxonRankValue>
                                </taxonomicClassification>
                                <taxonomicClassification>
                                        <taxonRankName>Genus</taxonRankName>
                                    <taxonRankValue>Tricerma</taxonRankValue>
                                </taxonomicClassification>
                                <taxonomicClassification>
                                        <taxonRankName>Genus</taxonRankName>
                                    <taxonRankValue>Pachycereus</taxonRankValue>
                                </taxonomicClassification>
                                <taxonomicClassification>
                                        <taxonRankName>Genus</taxonRankName>
                                    <taxonRankValue>Ziziphus</taxonRankValue>
                                </taxonomicClassification>
                                <taxonomicClassification>
                                        <taxonRankName>Genus</taxonRankName>
                                    <taxonRankValue>Phaulothamnus</taxonRankValue>
                                </taxonomicClassification>
                                <taxonomicClassification>
                                        <taxonRankName>Genus</taxonRankName>
                                    <taxonRankValue>Lippia</taxonRankValue>
                                </taxonomicClassification>
                                <taxonomicClassification>
                                        <taxonRankName>Genus</taxonRankName>
                                    <taxonRankValue>Senna</taxonRankValue>
                                </taxonomicClassification>
                                <taxonomicClassification>
                                        <taxonRankName>Genus</taxonRankName>
                                    <taxonRankValue>Randia</taxonRankValue>
                                </taxonomicClassification>
                                <taxonomicClassification>
                                        <taxonRankName>Genus</taxonRankName>
                                    <taxonRankValue>Citharexylum</taxonRankValue>
                                </taxonomicClassification>
                                <taxonomicClassification>
                                        <taxonRankName>Genus</taxonRankName>
                                    <taxonRankValue>Ibervillea</taxonRankValue>
                                </taxonomicClassification>
                                <taxonomicClassification>
                                        <taxonRankName>Genus</taxonRankName>
                                    <taxonRankValue>Croton</taxonRankValue>
                                </taxonomicClassification>
                                <taxonomicClassification>
                                        <taxonRankName>Genus</taxonRankName>
                                    <taxonRankValue>Abutilon</taxonRankValue>
                                </taxonomicClassification>
                                <taxonomicClassification>
                                        <taxonRankName>Genus</taxonRankName>
                                    <taxonRankValue>Viguiera</taxonRankValue>
                                </taxonomicClassification>
                                <taxonomicClassification>
                                        <taxonRankName>Genus</taxonRankName>
                                    <taxonRankValue>Carlowrightia</taxonRankValue>
                                </taxonomicClassification>
                                <taxonomicClassification>
                                        <taxonRankName>Genus</taxonRankName>
                                    <taxonRankValue>Diphysa</taxonRankValue>
                                </taxonomicClassification>
                                <taxonomicClassification>
                                        <taxonRankName>Genus</taxonRankName>
                                    <taxonRankValue>Eysenhardtia</taxonRankValue>
                                </taxonomicClassification>
                                <taxonomicClassification>
                                        <taxonRankName>Genus</taxonRankName>
                                    <taxonRankValue>Lysiloma</taxonRankValue>
                                </taxonomicClassification>
                                <taxonomicClassification>
                                        <taxonRankName>Genus</taxonRankName>
                                    <taxonRankValue>Forchhammeria</taxonRankValue>
                                </taxonomicClassification>
                                <taxonomicClassification>
                                        <taxonRankName>Species</taxonRankName>
                                    <taxonRankValue>especie 2</taxonRankValue>
                                </taxonomicClassification>
                                <taxonomicClassification>
                                        <taxonRankName>Species</taxonRankName>
                                    <taxonRankValue>especie 1</taxonRankValue>
                                </taxonomicClassification>
                                <taxonomicClassification>
                                        <taxonRankName>Species</taxonRankName>
                                    <taxonRankValue>especie 3</taxonRankValue>
                                </taxonomicClassification>
                                <taxonomicClassification>
                                        <taxonRankName>Species</taxonRankName>
                                    <taxonRankValue>Carnegiea gigantea</taxonRankValue>
                                        <commonName>ha: shañ, bahidaj (Yuto-nahua), mojépe (Seri), pitahaya, pitaya, saguaro, sahu&apos;o (Mayo), sahuaro, sauguo (Mayo), tuduhua (Mayo), xaasj (Seri)</commonName>
                                </taxonomicClassification>
                                <taxonomicClassification>
                                        <taxonRankName>Species</taxonRankName>
                                    <taxonRankValue>Opuntia versicolor</taxonRankValue>
                                        <commonName>cholla versicolor, choya, heem icös cmaxlilca (Seri), hepem ihéem (Seri), sevii (Yaqui)</commonName>
                                </taxonomicClassification>
                                <taxonomicClassification>
                                        <taxonRankName>Species</taxonRankName>
                                    <taxonRankValue>Mimosa distachya</taxonRankValue>
                                        <commonName>celosa, celosa, cuca (Guarijío), garbancilla, gatuña, iguano, uña de gato</commonName>
                                </taxonomicClassification>
                                <taxonomicClassification>
                                        <taxonRankName>Species</taxonRankName>
                                    <taxonRankValue>Stenocereus thurberi</taxonRankValue>
                                        <commonName>aaki (Yaqui), aaqui (Mayo), akiqui (Mayo), akqui (Mayo), chacha (Totonaco), cucuvis (Yuto-nahua), mehuelé, meullé (Guarijío), mevuelé, mewele (Guarijío), ool (Seri), pitahaya, pitahaya dulce, pitahayo, pitajaya, pitamaya, pitaya, pitaya dulce, pitaya dulce de Sinaloa, pitayo, pitayo dulce, tutuis (Pima), uu aaki (Yaqui), órgano</commonName>
                                </taxonomicClassification>
                                <taxonomicClassification>
                                        <taxonRankName>Species</taxonRankName>
                                    <taxonRankValue>Olneya tesota</taxonRankValue>
                                        <commonName>tesota, Ironwood, Palo fierro, Palo de fierro, palo de hierro, Palo fierro-gatuño, hesen (Seri), palo de hierro, palo fierro, tésota, uña de gato, árbol de hierro, árbol del hierro</commonName>
                                </taxonomicClassification>
                                <taxonomicClassification>
                                        <taxonRankName>Species</taxonRankName>
                                    <taxonRankValue>Sebastiania bilocularis</taxonRankValue>
                                        <commonName>Hierba la flecha, guayacán, hierba de la flecha, hierba mala, héhe-coanj (Seri), magot (Pima), semillas brincadoras, yerba de la flecha</commonName>
                                </taxonomicClassification>
                                <taxonomicClassification>
                                        <taxonRankName>Species</taxonRankName>
                                    <taxonRankValue>Opuntia fulgida</taxonRankValue>
                                        <commonName>Choya, Cholla, cholla, cholla brillante, cholla de coyote, cholla plateada, choya, choya plateada, chóua (Mayo), coote (Seri), cotéexet (Seri), cotéexoj (Seri), ha:nami (Yuto-nahua), hehe ooxö (Seri), nopal de mamilas, sea cotópl (Seri), sea icös cooxp (Seri), tootjöc (Seri), tootoco (Seri), velas de coyote</commonName>
                                </taxonomicClassification>
                                <taxonomicClassification>
                                        <taxonRankName>Species</taxonRankName>
                                    <taxonRankValue>Ambrosia deltoidea</taxonRankValue>
                                </taxonomicClassification>
                                <taxonomicClassification>
                                        <taxonRankName>Species</taxonRankName>
                                    <taxonRankValue>Fouquieria splendens</taxonRankValue>
                                        <commonName>Cardo santo, Alvardo, albarda, barba, cardo santo, chiquiña, flor de camarón, ocotilla, ocotillo, ocotillo de corral, ocotillo tallo, palo santo, teocotillo, xeshish (Seri), xong (Seri), xongxéziz (Seri)</commonName>
                                </taxonomicClassification>
                                <taxonomicClassification>
                                        <taxonRankName>Species</taxonRankName>
                                    <taxonRankValue>Jatropha cuneata</taxonRankValue>
                                </taxonomicClassification>
                                <taxonomicClassification>
                                        <taxonRankName>Species</taxonRankName>
                                    <taxonRankValue>Lycium berlandieri</taxonRankValue>
                                        <commonName>Sarampión, hoso, frutilla, Barchata</commonName>
                                </taxonomicClassification>
                                <taxonomicClassification>
                                        <taxonRankName>Species</taxonRankName>
                                    <taxonRankValue>Opuntia arbuscula</taxonRankValue>
                                        <commonName>cholla, cholla arbusto, choya, heem (Seri), heem icös cmasl (Seri), heemáa (Seri), siviri (Mayo), tasajo, vipinoi (Yuto-nahua)</commonName>
                                </taxonomicClassification>
                                <taxonomicClassification>
                                        <taxonRankName>Species</taxonRankName>
                                    <taxonRankValue>Larrea tridentata</taxonRankValue>
                                        <commonName>gobernadora (edos. del N); guamis; hediondilla; huamis, háaxat, háajat (l. seri, Son), gobernadora, hediondilla, huamis (Seri), háaxat (Seri), jediondilla</commonName>
                                </taxonomicClassification>
                                <taxonomicClassification>
                                        <taxonRankName>Species</taxonRankName>
                                    <taxonRankValue>Opuntia gosseliniana</taxonRankValue>
                                        <commonName>Nopal</commonName>
                                </taxonomicClassification>
                                <taxonomicClassification>
                                        <taxonRankName>Species</taxonRankName>
                                    <taxonRankValue>Hoffmannseggia microphylla</taxonRankValue>
                                </taxonomicClassification>
                                <taxonomicClassification>
                                        <taxonRankName>Species</taxonRankName>
                                    <taxonRankValue>Stenocereus alamosensis</taxonRankValue>
                                        <commonName>cina, nacido, pitayo sina, sina, sina aaqui (Mayo), tasajo, tasajo de Sonora, xasáacoj (Seri)</commonName>
                                </taxonomicClassification>
                                <taxonomicClassification>
                                        <taxonRankName>Species</taxonRankName>
                                    <taxonRankValue>Pennisetum ciliare</taxonRankValue>
                                        <commonName>cadillo buffell (Español-Inglés), pasto, pasto buffel, zacate, zacate buffel</commonName>
                                </taxonomicClassification>
                                <taxonomicClassification>
                                        <taxonRankName>Species</taxonRankName>
                                    <taxonRankValue>Coursetia glandulosa</taxonRankValue>
                                        <commonName>Samo, Zuzupe, Coatillo, Guachipil, Kowusamo, Cacanahualillo, chipile, cojusamo (Guarijío), cousamo (Guarijío), palo dulce, palo fierro, tepechoco, zuzupe (Tarasco)</commonName>
                                </taxonomicClassification>
                                <taxonomicClassification>
                                        <taxonRankName>Species</taxonRankName>
                                    <taxonRankValue>Encelia farinosa</taxonRankValue>
                                        <commonName>Tecomate, Rama blanca, Choyogo, kopal kin, incienso, cotz (Seri), flor de rocío, hierba ceniza (Cora), hierba de las ánimas, incienso, palo blanco, rama blanca</commonName>
                                </taxonomicClassification>
                                <taxonomicClassification>
                                        <taxonRankName>Species</taxonRankName>
                                    <taxonRankValue>Atriplex polycarpa</taxonRankValue>
                                </taxonomicClassification>
                                <taxonomicClassification>
                                        <taxonRankName>Species</taxonRankName>
                                    <taxonRankValue>Trixis californica</taxonRankValue>
                                        <commonName>guillermito</commonName>
                                </taxonomicClassification>
                                <taxonomicClassification>
                                        <taxonRankName>Species</taxonRankName>
                                    <taxonRankValue>Guaiacum coulteri</taxonRankValue>
                                        <commonName>Huayacan, Guyayacan, Guayacán rosado, Guayacon, Guayacán, Palo santo, Pipe, guayacán, ken (Maya), matlacuáhuitl (Náhuatl), mo-tzi (Chinanteco), nuitscuji (Popoloca), palo santo, yaga-gupi (Zapoteco), yaga-na (Zapoteco), yaga-naa (Zapoteco), yutnu-tandaa (Mixteco), árbol santo</commonName>
                                </taxonomicClassification>
                                <taxonomicClassification>
                                        <taxonRankName>Species</taxonRankName>
                                    <taxonRankValue>Mammillaria microphylla</taxonRankValue>
                                </taxonomicClassification>
                                <taxonomicClassification>
                                        <taxonRankName>Species</taxonRankName>
                                    <taxonRankValue>Opuntia bigelovii</taxonRankValue>
                                        <commonName>cardo, cholla, cholla brincadora, cholla velas de coyote, choya, choya brincadora, choya güera, coote (Seri), hadsadkam (Yuto-nahua), sea (Seri), sea cotopöl (Seri), velas de coyote</commonName>
                                </taxonomicClassification>
                                <taxonomicClassification>
                                        <taxonRankName>Species</taxonRankName>
                                    <taxonRankValue>Ipomoea arborescens</taxonRankValue>
                                        <commonName>Rosí, hosí, Cazahuate, Casahuatl, Casahuate, Palo blanco, Bejuco bobo, Palo bobo, Pájaro bobo, Palo santo, casahuate, casahuate blanco, cazahuate, cazahuate blanco, cuau-zahuatl (Náhuatl), cuauhzáhuatl (Náhuatl), flor de palo blanco, itate (Cuicateco), lipa-ca-tu-ue (Chontal de Oaxaca), néctar, palo blanco, palo bobo, palo cabra, palo de muerto, palo del muerto, palo santo, palo santo amarillo, pájaro bobo, sacamanteca, xegua (Zapoteco)</commonName>
                                </taxonomicClassification>
                                <taxonomicClassification>
                                        <taxonRankName>Species</taxonRankName>
                                    <taxonRankValue>Lycium andersonii</taxonRankValue>
                                        <commonName>Sur, frutilla</commonName>
                                </taxonomicClassification>
                                <taxonomicClassification>
                                        <taxonRankName>Species</taxonRankName>
                                    <taxonRankValue>Bursera microphylla</taxonRankValue>
                                        <commonName>copal, cuajiote (Náhuatl), cuajiote blanco (Náhuatl), cuajiote colorado (Náhuatl), palo colorado, palo de coleto, torote, torote blanco, torote colorado, torote prieto, xoop (Seri)</commonName>
                                </taxonomicClassification>
                                <taxonomicClassification>
                                        <taxonRankName>Species</taxonRankName>
                                    <taxonRankValue>Pleuraphis rigida</taxonRankValue>
                                        <commonName>zacate galleta</commonName>
                                </taxonomicClassification>
                                <taxonomicClassification>
                                        <taxonRankName>Species</taxonRankName>
                                    <taxonRankValue>Parkinsonia microphylla</taxonRankValue>
                                        <commonName>junco, palo brea, palo verde, palo verde-amarillo, retama</commonName>
                                </taxonomicClassification>
                                <taxonomicClassification>
                                        <taxonRankName>Species</taxonRankName>
                                    <taxonRankValue>Acacia willardiana</taxonRankValue>
                                        <commonName>Palo liso, palo blanco, palo liso</commonName>
                                </taxonomicClassification>
                                <taxonomicClassification>
                                        <taxonRankName>Species</taxonRankName>
                                    <taxonRankValue>Merremia palmeri</taxonRankValue>
                                </taxonomicClassification>
                                <taxonomicClassification>
                                        <taxonRankName>Species</taxonRankName>
                                    <taxonRankValue>Atamisquea emarginata</taxonRankValue>
                                        <commonName>Juaiven, Jubaibena, Crucecilla, Atamisqui, palo hediondo, palo zorrillo</commonName>
                                </taxonomicClassification>
                                <taxonomicClassification>
                                        <taxonRankName>Species</taxonRankName>
                                    <taxonRankValue>Celtis iguanaea</taxonRankValue>
                                        <commonName>Rompe capa, Tala, Querétano, Sits muk, Sits&apos;muk, Vainoro, vinoro, Thak loh, Uñas de gato, Tsachik, Tontu, Wt tzatz, Zopilote, Zismuc, Kalo, Guiichi gueda, Granjero blanco, Granjen, Granjeno, Garavato, Daremonca, Garabato, Cumbro, Espina blanca, Cueretapo, Granjena blanca, Granjero huasteco, granjena amarilla, da´mjá, Narnajaita, Naranjita, Luin, Nanchi bejuco, kan be&apos;eb, Nanchi-bejuco, Cagalera, Bejuco cagalero, rompecaite, Cagalero, Bechigute, Be&apos;eb, Bainoro, Baronia, Bejuco cruceta, Bejuco de cruceta, Barajita, Palo de popoyote, Penteno, bolon k&apos;aax (Maya), béeb kaan (Maya), chaparro blanco, cola de iguana, espina blanca, galagá (Tarahumara), garabato, garambullo, granjeno, granjeno amarillo, granjeno huasteco, guechi beziia (Zapoteco), guichi gueda (Zapoteco), guichi-bezia (Zapoteco), hoja de parra, huipuy (Huasteco), iguanero, iguano, muk (Maya), naranjillo cimarrón, palo de arco, palo de águila, rompe capa, sits-muk (Maya), ts&apos;i muk (Maya), uña de gato, yaga-beziia (Zapoteco), yaga-biziia (Zapoteco), yagabecie (Zapoteco), zarza</commonName>
                                </taxonomicClassification>
                                <taxonomicClassification>
                                        <taxonRankName>Species</taxonRankName>
                                    <taxonRankValue>Prosopis velutina</taxonRankValue>
                                        <commonName>Mezquite, mezquite, mezquite terciopelo</commonName>
                                </taxonomicClassification>
                                <taxonomicClassification>
                                        <taxonRankName>Species</taxonRankName>
                                    <taxonRankValue>Jatropha cardiophylla</taxonRankValue>
                                        <commonName>Sangregado, sapo, torote</commonName>
                                </taxonomicClassification>
                                <taxonomicClassification>
                                        <taxonRankName>Species</taxonRankName>
                                    <taxonRankValue>Prosopis glandulosa</taxonRankValue>
                                        <commonName>mezquite, mezquite colorado, mezquite dulce</commonName>
                                </taxonomicClassification>
                                <taxonomicClassification>
                                        <taxonRankName>Species</taxonRankName>
                                    <taxonRankValue>Opuntia leptocaulis</taxonRankValue>
                                        <commonName>Tasajillo, Taruchi, Agujilla, Alcafe, aci vipinoi (Yuto-nahua), agujilla, alfilerillo, catalina, catalinaria, catalinia, ce&apos;ecem vipinoi (Yuto-nahua), cholla, cholla alfilerillo, confite, iipxö (Seri), jíjica (Mayo), nopal con vaina, sasaluistli (Náhuatl), sibirito, siviri (Mayo), tasajillo, tasajo, tesajo, tzazalhuiztli (Náhuatl)</commonName>
                                </taxonomicClassification>
                                <taxonomicClassification>
                                        <taxonRankName>Species</taxonRankName>
                                    <taxonRankValue>Echinocereus fasciculatus</taxonRankValue>
                                        <commonName>alicoche de manojos, iswig (Yuto-nahua), órgano pequeño de manojos</commonName>
                                </taxonomicClassification>
                                <taxonomicClassification>
                                        <taxonRankName>Species</taxonRankName>
                                    <taxonRankValue>Heteropterys eglandulosa</taxonRankValue>
                                </taxonomicClassification>
                                <taxonomicClassification>
                                        <taxonRankName>Species</taxonRankName>
                                    <taxonRankValue>Jatropha cordata</taxonRankValue>
                                        <commonName>Sangregado, Sangrado, Torote papelio, Torote panalero, Domiguilla, Gozote, Leche morú, copalillo, jiotillo, matamala, matamuchachos, miguelito, sapo, torote</commonName>
                                </taxonomicClassification>
                                <taxonomicClassification>
                                        <taxonRankName>Species</taxonRankName>
                                    <taxonRankValue>Parkinsonia praecox</taxonRankValue>
                                        <commonName>forraje, Mantecoso, leña, Palo verde, Cahuinga, baboso, brea, choy (Maya), espino verde, mantecosa, mantecoso, palo brea, palo de berria, palo mantecoso, palo verde, retama, árbol del manteco</commonName>
                                </taxonomicClassification>
                                <taxonomicClassification>
                                        <taxonRankName>Species</taxonRankName>
                                    <taxonRankValue>Bursera fagaroides</taxonRankValue>
                                        <commonName>Xixote, xin-yag-ramon, Torote, Torote papelio, Yag-guin-quie, Yág-yáal-dán, Cebolleta, Campinchirán, Concachire, Concanchire, Chutama, Cuajiote, Copalillo, Copal blanco, Consumate, Cuincanchire, Cuajiote amarillo, Cuajiote blanco, Cuajiote verde, cuajito blanco, Mata perro, Mulatillo, Mataperro, Borreguillo, Bucera, Palo xichote, Palo del diablo, aceitillo, chutama, copal, cuajilote, cuajiote (Náhuatl), cuajiote amarillo (Náhuatl), cuajiote blanco (Náhuatl), cuajiote colorado (Náhuatl), cuajiote verde (Náhuatl), jiote (Náhuatl), ngedri (Otomí), palo cuchara, palo del diablo, palo jiote, palo mulato, papelillo, sazafrás, tecomaca (Náhuatl), torote, torote amarillo, torote blanco, torote papelillo, xixote</commonName>
                                </taxonomicClassification>
                                <taxonomicClassification>
                                        <taxonRankName>Species</taxonRankName>
                                    <taxonRankValue>Bursera laxiflora</taxonRankValue>
                                        <commonName>Torote, Totote, Torote prieto, Capote, Copal blanco, Copal colorado, copal, copal blanco, palo mulato, toro, torote papelillo, torote prieto</commonName>
                                </taxonomicClassification>
                                <taxonomicClassification>
                                        <taxonRankName>Species</taxonRankName>
                                    <taxonRankValue>Ferocactus emoryi</taxonRankValue>
                                        <commonName>biznaga, biznaga barril de emory, caail iti siml (Seri), jiavuli (Yuto-nahua), siml (Seri), siml caacöl (Seri), siml cöquicöt (Seri), siml yapxöt cheel (Seri), viznaga</commonName>
                                </taxonomicClassification>
                                <taxonomicClassification>
                                        <taxonRankName>Species</taxonRankName>
                                    <taxonRankValue>Celtis pallida</taxonRankValue>
                                        <commonName>frutita, garabato, granjeno, granjeno amarillo, granjeno colorado, granjeno huasteco, guechi beziia (Zapoteco), guichi-bezia (Zapoteco), hoja de parra, palo de águila, rompe capa, yaga-beziia (Zapoteco), yaga-biziia (Zapoteco), yagabecie (Zapoteco)</commonName>
                                </taxonomicClassification>
                                <taxonomicClassification>
                                        <taxonRankName>Species</taxonRankName>
                                    <taxonRankValue>Krameria grayi</taxonRankValue>
                                        <commonName>Calderona, Fajuy, calderona, mezquitillo</commonName>
                                </taxonomicClassification>
                                <taxonomicClassification>
                                        <taxonRankName>Species</taxonRankName>
                                    <taxonRankValue>Tricerma phyllanthoides</taxonRankValue>
                                        <commonName>agua bola, granadilla, granadillo, mangle, mangle aguabola, mangle dulce, mangle rojo, palo blanco, sak-ché (Maya)</commonName>
                                </taxonomicClassification>
                                <taxonomicClassification>
                                        <taxonRankName>Species</taxonRankName>
                                    <taxonRankValue>Pachycereus schottii</taxonRankValue>
                                        <commonName>barbón, cabeza de viejo, cabeza vieja, cardona, ce:mi (Yuto-nahua), cina, cinita, garambullo, garambuyo, hasahcápjö (Seri), hasahcápöj (Seri), hecho, hehe is quisil (Seri), hombre viejo, mochi, mojépe (Seri), muse, muso, musue (Mayo), muzue (Mayo), músaro (Yaqui), pitahaya barbona, pitaya barbona, senita, sina, sina barbona, sinita, temi (Mayo), tuna barbona, uu museo gobbunim borokame (Yaqui), viejo, zina</commonName>
                                </taxonomicClassification>
                                <taxonomicClassification>
                                        <taxonRankName>Species</taxonRankName>
                                    <taxonRankValue>Ambrosia dumosa</taxonRankValue>
                                        <commonName>hierba del burro</commonName>
                                </taxonomicClassification>
                                <taxonomicClassification>
                                        <taxonRankName>Species</taxonRankName>
                                    <taxonRankValue>Ziziphus obtusifolia</taxonRankValue>
                                        <commonName>garrapatilla</commonName>
                                </taxonomicClassification>
                                <taxonomicClassification>
                                        <taxonRankName>Species</taxonRankName>
                                    <taxonRankValue>Krameria sonorae</taxonRankValue>
                                </taxonomicClassification>
                                <taxonomicClassification>
                                        <taxonRankName>Species</taxonRankName>
                                    <taxonRankValue>Phaulothamnus spinescens</taxonRankValue>
                                        <commonName>Mal de ojo, Malojo, Ba&apos;aco, ba&apos;aco (Mayo), bachata, baco (Yaqui), coma, mal de ojo, malojo, putia</commonName>
                                </taxonomicClassification>
                                <taxonomicClassification>
                                        <taxonRankName>Species</taxonRankName>
                                    <taxonRankValue>Lippia palmeri</taxonRankValue>
                                        <commonName>orégano, quelite</commonName>
                                </taxonomicClassification>
                                <taxonomicClassification>
                                        <taxonRankName>Species</taxonRankName>
                                    <taxonRankValue>Ferocactus acanthodes</taxonRankValue>
                                        <commonName>biznaga, biznaga barril cilíndrica, jiavuli (Yuto-nahua), mojépe (Seri)</commonName>
                                </taxonomicClassification>
                                <taxonomicClassification>
                                        <taxonRankName>Species</taxonRankName>
                                    <taxonRankValue>Senna covesii</taxonRankValue>
                                        <commonName>Garbacillo, Kau ohasen, ejotillo</commonName>
                                </taxonomicClassification>
                                <taxonomicClassification>
                                        <taxonRankName>Species</taxonRankName>
                                    <taxonRankValue>Randia obcordata</taxonRankValue>
                                        <commonName>altanisa, crucecilla, crucero, cruceta, cruz k&apos;iix (Español-Maya), k&apos;atoch (Maya), kat k&apos;aax (Maya), pay oochil (Maya), peech kitam (Maya)</commonName>
                                </taxonomicClassification>
                                <taxonomicClassification>
                                        <taxonRankName>Species</taxonRankName>
                                    <taxonRankValue>Acacia coulteri</taxonRankValue>
                                        <commonName>acacia, guaje, guaje blanco, guajillo, guayabilla, guayabillo, huajillo, palo blanco, palo de arco, palo de arco amarillo, tepeguaje</commonName>
                                </taxonomicClassification>
                                <taxonomicClassification>
                                        <taxonRankName>Species</taxonRankName>
                                    <taxonRankValue>Atriplex canescens</taxonRankValue>
                                        <commonName>Wingscale, Chamizo, Chanizo, Chamiza, Costilla de vaca, fourwing saltbush, Mezquite</commonName>
                                </taxonomicClassification>
                                <taxonomicClassification>
                                        <taxonRankName>Species</taxonRankName>
                                    <taxonRankValue>Citharexylum flabellifolium</taxonRankValue>
                                </taxonomicClassification>
                                <taxonomicClassification>
                                        <taxonRankName>Species</taxonRankName>
                                    <taxonRankValue>Ibervillea sonorae</taxonRankValue>
                                        <commonName>guareque, choya guani, guareque, guarequi, güereque, limón-coyote, melón de coyote</commonName>
                                </taxonomicClassification>
                                <taxonomicClassification>
                                        <taxonRankName>Species</taxonRankName>
                                    <taxonRankValue>Croton sonorae</taxonRankValue>
                                </taxonomicClassification>
                                <taxonomicClassification>
                                        <taxonRankName>Species</taxonRankName>
                                    <taxonRankValue>Pachycereus pecten-aboriginum</taxonRankValue>
                                        <commonName>bataya mahuali, bigi-tope (Zapoteco), bitaya mawalí (Tarahumara), cardón, cardón barbón, cardón espinoso, cardón hecho, cawé (Tarahumara), chawé (Tarahumara), chik, chiki, chiquí (Guarijío), e&apos;cho (Mayo), echo, etcho (Mayo), hecho, mayo, ox (Huave), pitaya echo, pitayo cimarrón, quiste, utzivo (Mayo), wichowaka (Tarahumara), órgano, órgano cimarrón</commonName>
                                </taxonomicClassification>
                                <taxonomicClassification>
                                        <taxonRankName>Species</taxonRankName>
                                    <taxonRankValue>Viguiera deltoidea</taxonRankValue>
                                        <commonName>tacote</commonName>
                                </taxonomicClassification>
                                <taxonomicClassification>
                                        <taxonRankName>Species</taxonRankName>
                                    <taxonRankValue>Acacia constricta</taxonRankValue>
                                        <commonName>acacia, chaparro prieto, gigantillo, guajillo, huajillo, huizache, huizachilla, huizachillo, largoncillo, mezquitillo, palo blanco, shaminí (Otomí), vara prieta</commonName>
                                </taxonomicClassification>
                                <taxonomicClassification>
                                        <taxonRankName>Species</taxonRankName>
                                    <taxonRankValue>Carlowrightia arizonica</taxonRankValue>
                                        <commonName>chuparrosa, palo blanco, rama de toro, rama toro</commonName>
                                </taxonomicClassification>
                                <taxonomicClassification>
                                        <taxonRankName>Species</taxonRankName>
                                    <taxonRankValue>Abutilon incanum</taxonRankValue>
                                        <commonName>escoba, rama blanca, tronadora</commonName>
                                </taxonomicClassification>
                                <taxonomicClassification>
                                        <taxonRankName>Species</taxonRankName>
                                    <taxonRankValue>Diphysa occidentalis</taxonRankValue>
                                        <commonName>Huiloche, Huilochi, Guiloche</commonName>
                                </taxonomicClassification>
                                <taxonomicClassification>
                                        <taxonRankName>Species</taxonRankName>
                                    <taxonRankValue>Eysenhardtia orthocarpa</taxonRankValue>
                                        <commonName>palo dulce</commonName>
                                </taxonomicClassification>
                                <taxonomicClassification>
                                        <taxonRankName>Species</taxonRankName>
                                    <taxonRankValue>Lysiloma divaricatum</taxonRankValue>
                                        <commonName>huaje de caballo, espina blanca, guaje, guajillo, japalte (Huasteco), jepalcalante (Huasteco), manto, mauuta (Guarijío), mayo, mesquite, mezquite, palo blanco, palo de arco, palo prieto, quebracho, quiebra hacha, quiebracha, quiebrahacha, quitaz prieto, sahi (Guarijío), sají (Guarijío), tepeguaje, tepeguaje negro, tepehuaje</commonName>
                                </taxonomicClassification>
                                <taxonomicClassification>
                                        <taxonRankName>Species</taxonRankName>
                                    <taxonRankValue>Acacia occidentalis</taxonRankValue>
                                        <commonName>rukarah, wasiwa, Teso, Feso, tesota, uasiua (Guarijío), uña de gato</commonName>
                                </taxonomicClassification>
                                <taxonomicClassification>
                                        <taxonRankName>Species</taxonRankName>
                                    <taxonRankValue>Ferocactus herrerae</taxonRankValue>
                                        <commonName>biznaga, biznaga, biznaga barril de Sinaloa, hónori (Mayo), te&apos;ib (Guarijío), te&apos;ihue (Guarijío)</commonName>
                                </taxonomicClassification>
                                <taxonomicClassification>
                                        <taxonRankName>Species</taxonRankName>
                                    <taxonRankValue>Echinocereus engelmannii</taxonRankValue>
                                        <commonName>alicoche, hant iipzx iteja caacöl (Seri), isvig (Yuto-nahua), iswig (Yuto-nahua), pitahayita, pitaya</commonName>
                                </taxonomicClassification>
                                <taxonomicClassification>
                                        <taxonRankName>Species</taxonRankName>
                                    <taxonRankValue>Forchhammeria watsonii</taxonRankValue>
                                        <commonName>palo de San Juan, palo jito</commonName>
                                </taxonomicClassification>
                                <taxonomicClassification>
                                        <taxonRankName>Infraspecific Name</taxonRankName>
                                    <taxonRankValue>Mammillaria especie 2</taxonRankValue>
                                </taxonomicClassification>
                                <taxonomicClassification>
                                        <taxonRankName>Infraspecific Name</taxonRankName>
                                    <taxonRankValue>Lycium especie 1</taxonRankValue>
                                </taxonomicClassification>
                                <taxonomicClassification>
                                        <taxonRankName>Infraspecific Name</taxonRankName>
                                    <taxonRankValue>Lycium especie 2</taxonRankValue>
                                </taxonomicClassification>
                                <taxonomicClassification>
                                        <taxonRankName>Infraspecific Name</taxonRankName>
                                    <taxonRankValue>Lycium especie 3</taxonRankValue>
                                </taxonomicClassification>
                                <taxonomicClassification>
                                        <taxonRankName>Infraspecific Name</taxonRankName>
                                    <taxonRankValue>Mimosa especie 1</taxonRankValue>
                                </taxonomicClassification>
                                <taxonomicClassification>
                                        <taxonRankName>Infraspecific Name</taxonRankName>
                                    <taxonRankValue>Abutilon especie 1</taxonRankValue>
                                </taxonomicClassification>
                        </taxonomicCoverage>
            </coverage>
            <maintenance>
                <description>
                    <para></para>
                </description>
                <maintenanceUpdateFrequency>notPlanned</maintenanceUpdateFrequency>
            </maintenance>
            <contact>
            <individualName>
<givenName>Patricia</givenName>                    <surName>Ramos Rivera</surName>
            </individualName>
<organizationName>Comisión Nacional para el Conocimiento y Uso de la Biodiversidad</organizationName><positionName>Dirección General de Sistemas</positionName>            <address>
<deliveryPoint>Liga Periférico-Insurgentes Sur No. 4903, Col. Parques del Pedregal</deliveryPoint><city>México</city><administrativeArea>Tlalpan</administrativeArea><postalCode>14010</postalCode><country>MEXICO</country>            </address>
<phone>50045000</phone><electronicMailAddress>patricia.ramos@conabio.gob.mx</electronicMailAddress><onlineUrl>https://www.gob.mx/conabio</onlineUrl>            </contact>

            <project id="SNIB-ES008-Varios archivos XLS-ND">
                <title>Distribución, estructura poblacional y utilización del saguaro (Carnegiea gigantea (Engelm.) Britt. &amp;  Rose) en México</title>
                    <personnel>
            <individualName>
<givenName>José Alberto</givenName>                    <surName>Búrquez Montijo</surName>
            </individualName>
            <role>CONTENT_PROVIDER</role>
                    </personnel>
                <abstract>
                    <para>Este proyecto representa la primera fase de un estudio monográfico sobre la ecología del saguaro (Carnegia gigantea [Engelmann] Britton &amp;  Rose), una especie emblemática del Desierto Sonorense que está incluida en el Apéndice II de la CITES y que actualmente sufre de explotación de su madera para abastecer la demanda internacional. Esta primera parte incluye: 1) la recopilación bibliográfica extensiva y el análisis de esta información, 2) la elaboración de un mapa de distribución potencial utilizando técnicas de Algoritmos Genéticos para Producción de Reglas (GARP=Genetic Algorithm for Rule Set Production), 3) el trabajo de campo para validar el mapa producido con GARP, 4) la estimación de la estructura poblacional en términos de diferentes parámetros de tamaño de los individuos y de las poblaciones en localidades selectas en su ámbito de distribución, y 5) la ejecución de un programa de entrevistas y cuestionarios para evaluar al nivel local el tipo e intensidad de explotación de los productos de saguaro. La segunda fase (presentada en un documento separado) comprende la medición de tasas de crecimiento individual en poblaciones selectas, la estimación de la variabilidad y diferenciación fenotípica y genética a gran escala, la medición de los patrones fenológicos y de éxito reproductivo en un contexto espacial, la evaluación de la presencia de madera muerta de saguaro en la dinámica ecosistémica local, la continuación del programa de entrevistas y cuestionarios y el monitereo a largo plazo del crecimiento y sobrevivencia de los individuos de cuatro poblaciones selectas distribuidas a lo largo de su ámbito de distribución.</para>
                </abstract>
                <funding>
                    <para>Comisión Nacional para el Conocimiento y Uso de la Biodiversidad (CONABIO)</para>
                </funding>
                    <studyAreaDescription>
                        <descriptor name="generic" citableClassificationSystem="false">
                            <descriptorValue>Plantas
con flores, con semillas, con frutos como acantos, aceitunas, ajonjolís, albahacas, chías, fresnos, hierbabuenas, jacarandas, jazmines, mejoranas, mentas, olivos, oréganos, romeros, salvias, tepozanes, tomillos, toronjiles, violetas africanas
con flores, con semillas, con frutos como acelgas, amarantos, betabeles, biznagas, bugambilias, claveles, epazotes, espinacas, huauhzontles, jojobas, nopales, quelites, quinoas, saguaros, trigos serracenos, tunas, verdolagas, xoconostles
con flores, con semillas, con frutos como achiotes, algodón, baobabs, cacao, ceibas, flor de Jamaica, flor de manita, jonote, malvas, pochotes
con flores, con semillas, con frutos como ahuejotes, álamos, árboles del caucho, coca, flores de la pasión, granadas chinas, lino, mandioca, maracuyás, nanches, nochebuena, ricino, sauces, semillas de linaza, violetas
con flores, con semillas, con frutos como alcachofas, campanitas, cempasúchil, crisantemos, dalias, estrellas de agua, gerberas, girasoles, lechugas, manzanilla, margaritas, senecios
con flores, con semillas, con frutos como alfalfas, cacahuates, chícharos, ejotes, frijoles, garbanzos, guajes, habas, jícamas, lentejas, mezquites, tamarindos
con flores, con semillas, con frutos como almendras, amates, capulines, cerezas, chabacanos, ciruelas, duraznos, frambuesas, fresas, higos, manzanas, marihuana, matapalos, membrillos, peras, rosas, zarzamoras
con flores, con semillas, con frutos como arándanos, árboles del chicle, argán, avellanas del Brasil, azáleas, belenes, camelias, chicozapotes, ébanos, karités, kiwis, madroños, mameyes, ocotillos, zapotes
con flores, con semillas, con frutos como arúgulas, berros, brócolis, coles, coliflores, kales, mastuerzos, moringas, mostazas, papayas, rábanos
con flores, con semillas, con frutos como begonias, calabazas, chayotes, melones, pepinos, sandías
con flores, con semillas, con frutos como berenjena, camotes, chiles, floripondios, jitomates, papas, petunias, pimientos, tabacos, toloaches, tomates
con flores, con semillas, con frutos como café, flores de mayo, gardenias
con flores, con semillas, con frutos como caobas, copales, limas, limones, naranjas, mandarinas, mangos, maples, nueces de la India, pirúles, pistaches, rudas, toronjas, zapotes blancos
con flores, con semillas, con frutos como cereales, heno, juncos, pastos terrestres, piña, tules
con flores, con semillas, con frutos como gobernadoras, guayacanes
con flores, con semillas, con frutos como plantas del aceite negro</descriptorValue>
                        </descriptor>
                    </studyAreaDescription>
            </project>
    </dataset>

    <additionalMetadata>
        <metadata>
            <gbif>
                <dateStamp>2024-03-21T22:41:03Z</dateStamp>
                <citation>Búrquez Montijo J A, Comisión nacional para el conocimiento y uso de la biodiversidad C (2023). Distribución, estructura poblacional y utilización del saguaro (Carnegiea gigantea (Engelm.) Britt. &amp;  Rose) en México. Version 1.13. Comisión nacional para el conocimiento y uso de la biodiversidad. Occurrence dataset https://doi.org/10.15468/qljg25 accessed via GBIF.org on 2024-03-21.</citation>
                    <physical>
                        <objectName>SNIB-ES008-CSV.zip</objectName>
                        <characterEncoding>UTF-8</characterEncoding>
                        <dataFormat>
                            <externallyDefinedFormat>
                                <formatName>CSV</formatName>
                            </externallyDefinedFormat>
                        </dataFormat>
                        <distribution>
                            <online>
                                <url function="download">http://www.snib.mx/proyectos/ES008/SNIB-ES008-CSV.zip</url>
                            </online>
                        </distribution>
                    </physical>
                    <physical>
                        <objectName>SNIB-ES008-BD.zip</objectName>
                        <characterEncoding>UTF-8</characterEncoding>
                        <dataFormat>
                            <externallyDefinedFormat>
                                <formatName>MDB</formatName>
                                    <formatVersion>MicrosoftAccess2007</formatVersion>
                            </externallyDefinedFormat>
                        </dataFormat>
                        <distribution>
                            <online>
                                <url function="download">http://www.snib.mx/proyectos/ES008/SNIB-ES008-BD.zip</url>
                            </online>
                        </distribution>
                    </physical>
                        <collection>
                            <parentCollectionIdentifier>NO APLICA</parentCollectionIdentifier>
                            <collectionIdentifier>SNIB-ES008-Varios archivos XLS-ND</collectionIdentifier>
                            <collectionName>NO APLICA;NO APLICA;Instituto de Ecología, Universidad Nacional Autónoma de México;IE-UNAM</collectionName>
                        </collection>
                            <jgtiCuratorialUnit>
                                <jgtiUnitType>Ejemplar</jgtiUnitType>
                                <jgtiUnitRange>
                                    <beginRange>1</beginRange>
                                    <endRange>39</endRange>
                                </jgtiUnitRange>
                            </jgtiCuratorialUnit>
            </gbif>
        </metadata>
    </additionalMetadata>

</eml:eml>
