<?xml version="1.0" encoding="utf-8"?>
<eml:eml xmlns:eml="eml://ecoinformatics.org/eml-2.1.1" xmlns:xsi="http://www.w3.org/2001/XMLSchema-instance"
         xsi:schemaLocation="eml://ecoinformatics.org/eml-2.1.1 http://rs.gbif.org/schema/eml-gbif-profile/1.2/eml.xsd"
packageId="595b50ad-d31f-471a-82c9-c9ff631db3e3"  system="http://gbif.org" scope="system"
xml:lang="en">

    <dataset>
            <alternateIdentifier>10.15468/u2jn78</alternateIdentifier>
                <alternateIdentifier>https://midwestherbaria.org/portal/collections/misc/collprofiles.php?collid=130</alternateIdentifier>
        <title>Western Illinois University, ​R. M. Myers Herbarium</title>
            <creator>
<organizationName>Consortium of Midwest Herbaria</organizationName><electronicMailAddress>seinetAdmin@asu.edu</electronicMailAddress><onlineUrl>https://midwestherbaria.org/portal/index.php</onlineUrl>            </creator>
            <metadataProvider>
<organizationName>Consortium of Midwest Herbaria</organizationName><electronicMailAddress>seinetAdmin@asu.edu</electronicMailAddress><onlineUrl>https://midwestherbaria.org/portal/index.php</onlineUrl>            </metadataProvider>
            <associatedParty>
            <individualName>
<givenName>Ranessa</givenName>                    <surName>Cooper</surName>
            </individualName>
<electronicMailAddress>RL-Cooper@wiu.edu</electronicMailAddress>            <role>CONTENT_PROVIDER</role>
            </associatedParty>
            <pubDate>
                2023-12-05
            </pubDate>
        <language>ENGLISH</language>
            <abstract>
                    <para>The R.M. Myers Herbarium contains more than 75,000 specimens, of which most are from western Illinois or southeastern Iowa. We hold a major collection of moss specimens from western Illinois, as well as a set of Opuntia fragilis specimens that document most areas where it grows in the midwest.</para>
            </abstract>
            <intellectualRights>
                    <para>This work is licensed under a <ulink url="http://creativecommons.org/licenses/by/4.0/legalcode"><citetitle>Creative Commons Attribution (CC-BY) 4.0 License</citetitle></ulink>.</para>
            </intellectualRights>
            <contact>
<organizationName>Western Illinois University, ​R. M. Myers Herbarium</organizationName><electronicMailAddress>RL-Cooper@wiu.edu</electronicMailAddress><onlineUrl>http://wiu.edu/users/mfer1/MWI.html</onlineUrl>            </contact>

    </dataset>

    <additionalMetadata>
        <metadata>
            <gbif>
                <dateStamp>2024-03-21T22:40:53Z</dateStamp>
                <citation>Western Illinois University (2023). Western Illinois University, ​R. M. Myers Herbarium. Occurrence dataset https://doi.org/10.15468/u2jn78 accessed via GBIF.org on 2024-03-21.</citation>
            </gbif>
        </metadata>
    </additionalMetadata>

</eml:eml>
