<?xml version="1.0" encoding="utf-8"?>
<eml:eml xmlns:eml="eml://ecoinformatics.org/eml-2.1.1" xmlns:xsi="http://www.w3.org/2001/XMLSchema-instance"
         xsi:schemaLocation="eml://ecoinformatics.org/eml-2.1.1 http://rs.gbif.org/schema/eml-gbif-profile/1.2/eml.xsd"
packageId="5b1129a0-0461-46e5-a55c-9195be29c0ff"  system="http://gbif.org" scope="system"
xml:lang="en">

    <dataset>
            <alternateIdentifier>10.15468/pteehh</alternateIdentifier>
                <alternateIdentifier>https://intermountainbiota.org/portal/collections/misc/collprofiles.php?collid=179</alternateIdentifier>
                <alternateIdentifier>https://ipt.nhmu.utah.edu/resource?r=botanyumnh</alternateIdentifier>
                <alternateIdentifier>5b1129a0-0461-46e5-a55c-9195be29c0ff</alternateIdentifier>
        <title>Natural History Museum of Utah, Garrett Herbarium</title>
            <creator>
<organizationName>Consortium of Intermountain Herbaria</organizationName><electronicMailAddress>seinetAdmin@asu.edu</electronicMailAddress><onlineUrl>https://intermountainbiota.org/portal/index.php</onlineUrl>            </creator>
            <metadataProvider>
<organizationName>Consortium of Intermountain Herbaria</organizationName><electronicMailAddress>seinetAdmin@asu.edu</electronicMailAddress><onlineUrl>https://intermountainbiota.org/portal/index.php</onlineUrl>            </metadataProvider>
            <associatedParty>
            <individualName>
                    <surName>Allison Izaksonas</surName>
            </individualName>
<electronicMailAddress>aizaksonas@nhmu.utah.edu</electronicMailAddress>            <role>CONTENT_PROVIDER</role>
            </associatedParty>
            <pubDate>
                2023-12-04
            </pubDate>
        <language>ENGLISH</language>
            <intellectualRights>
                    <para>This work is licensed under a <ulink url="http://creativecommons.org/licenses/by/4.0/legalcode"><citetitle>Creative Commons Attribution (CC-BY) 4.0 License</citetitle></ulink>.</para>
            </intellectualRights>
            <contact>
<organizationName>Natural History Museum of Utah, Garrett Herbarium</organizationName><phone>801-587-5745</phone><electronicMailAddress>aizaksonas@nhmu.utah.edu</electronicMailAddress><onlineUrl>http://nhmu.utah.edu/botany</onlineUrl>            </contact>

    </dataset>

    <additionalMetadata>
        <metadata>
            <gbif>
                <dateStamp>2024-03-21T22:40:52Z</dateStamp>
                <citation>Natural History Museum of Utah (UMNH) (2023). Natural History Museum of Utah, Garrett Herbarium. Occurrence dataset https://doi.org/10.15468/pteehh accessed via GBIF.org on 2024-03-21.</citation>
            </gbif>
        </metadata>
    </additionalMetadata>

</eml:eml>
