<?xml version="1.0" encoding="utf-8"?>
<eml:eml xmlns:eml="eml://ecoinformatics.org/eml-2.1.1" xmlns:xsi="http://www.w3.org/2001/XMLSchema-instance"
         xsi:schemaLocation="eml://ecoinformatics.org/eml-2.1.1 http://rs.gbif.org/schema/eml-gbif-profile/1.2/eml.xsd"
packageId="89c53edb-0fac-4118-bdc0-d70ca50953dc"  system="http://gbif.org" scope="system"
xml:lang="en">

    <dataset>
            <alternateIdentifier>10.15468/axrelr</alternateIdentifier>
                <alternateIdentifier>https://intermountainbiota.org/portal/collections/misc/collprofiles.php?collid=113</alternateIdentifier>
                <alternateIdentifier>http://intermountainbiota.org/portal/collections/misc/collprofiles.php?collid=113</alternateIdentifier>
        <title>Kathryn Kalmbach Herbarium</title>
            <creator>
<organizationName>Consortium of Intermountain Herbaria</organizationName><electronicMailAddress>seinetAdmin@asu.edu</electronicMailAddress><onlineUrl>https://intermountainbiota.org/portal/index.php</onlineUrl>            </creator>
            <metadataProvider>
<organizationName>Consortium of Intermountain Herbaria</organizationName><electronicMailAddress>seinetAdmin@asu.edu</electronicMailAddress><onlineUrl>https://intermountainbiota.org/portal/index.php</onlineUrl>            </metadataProvider>
            <associatedParty>
            <individualName>
<givenName>Rick</givenName>                    <surName>Levy</surName>
            </individualName>
<positionName>Scientific Data Manager</positionName><electronicMailAddress>richard.levy@botanicgardens.org</electronicMailAddress>            <userId directory="https://orcid.org/">0000-0002-4401-1380</userId>
            <role>CONTENT_PROVIDER</role>
            </associatedParty>
            <associatedParty>
            <individualName>
<givenName>Jennifer</givenName>                    <surName>Ackerfield</surName>
            </individualName>
<positionName>Head Curator of Biodiversity Collections</positionName><electronicMailAddress>jennifer.ackerfield@botanicgardens.org</electronicMailAddress>            <role>CONTENT_PROVIDER</role>
            </associatedParty>
            <pubDate>
                2024-03-01
            </pubDate>
        <language>ENGLISH</language>
            <abstract>
                    <para>The Kathryn Kalmbach Herbarium (KHD), a collection of over 75,000 vascular plant specimens, is a regional herbarium with a research focus on the species diversity of Colorado and the Southern Rocky Mountain region. The collection also contains species that are in cultivation at Denver Botanic Gardens. Most of the specimens within the collection have been digitized, and their photographs may be found online. Higher resolution images are also available upon request. Specimens collected in 2017 and later are likely to have an associated tissue sample available on GGBN.</para>
            </abstract>
            <intellectualRights>
                    <para>To the extent possible under law, the publisher has waived all rights to these data and has dedicated them to the <ulink url="http://creativecommons.org/publicdomain/zero/1.0/legalcode"><citetitle>Public Domain (CC0 1.0)</citetitle></ulink>. Users may copy, modify, distribute and use the work, including for commercial purposes, without restriction.</para>
            </intellectualRights>
            <contact>
<organizationName>Kathryn Kalmbach Herbarium</organizationName><phone>7208653589</phone><electronicMailAddress>richard.levy@botanicgardens.org</electronicMailAddress><onlineUrl>https://www.botanicgardens.org/our-collections/kathryn-kalmbach-herbarium-vascular-plants</onlineUrl>            <userId directory="https://orcid.org/">0000-0002-4401-1380</userId>
            </contact>

    </dataset>

    <additionalMetadata>
        <metadata>
            <gbif>
                <dateStamp>2024-03-21T22:41:33Z</dateStamp>
                <citation>Kathryn Kalmbach Herbarium (Denver Botanic Gardens) (2024). Kathryn Kalmbach Herbarium. Occurrence dataset https://doi.org/10.15468/axrelr accessed via GBIF.org on 2024-03-21.</citation>
            </gbif>
        </metadata>
    </additionalMetadata>

</eml:eml>
