<?xml version="1.0" encoding="utf-8"?>
<eml:eml xmlns:eml="eml://ecoinformatics.org/eml-2.1.1" xmlns:xsi="http://www.w3.org/2001/XMLSchema-instance"
         xsi:schemaLocation="eml://ecoinformatics.org/eml-2.1.1 http://rs.gbif.org/schema/eml-gbif-profile/1.2/eml.xsd"
packageId="a92f4b3c-ae5c-45af-8dac-4a6a88d35ddd"  system="http://gbif.org" scope="system"
xml:lang="en">

    <dataset>
            <alternateIdentifier>10.15468/adstge</alternateIdentifier>
                <alternateIdentifier>https://ngpherbaria.org/portal/collections/misc/collprofiles.php?collid=177</alternateIdentifier>
                <alternateIdentifier>http://ngpherbaria.org/portal/collections/misc/collprofiles.php?collid=177</alternateIdentifier>
        <title>Pittsburg State University, Theodore M. Sperry Herbarium</title>
            <creator>
<organizationName>Great Plains Herbaria</organizationName><electronicMailAddress>seinetAdmin@asu.edu</electronicMailAddress><onlineUrl>https://ngpherbaria.org/portal/index.php</onlineUrl>            </creator>
            <metadataProvider>
<organizationName>Great Plains Herbaria</organizationName><electronicMailAddress>seinetAdmin@asu.edu</electronicMailAddress><onlineUrl>https://ngpherbaria.org/portal/index.php</onlineUrl>            </metadataProvider>
            <associatedParty>
            <individualName>
                    <surName>Neil Snow</surName>
            </individualName>
<electronicMailAddress>nsnow@pittstate.edu</electronicMailAddress>            <role>CONTENT_PROVIDER</role>
            </associatedParty>
            <pubDate>
                2023-12-05
            </pubDate>
        <language>ENGLISH</language>
            <abstract>
                    <para>The ca. 50,300 specimens document the distribution and natural variation of vascular plants and bryophytes, primarily from Kansas, adjacent states, and North America, but also 61 foreign countries. Over 11,000 new collections have been added the past decade, mostly comprising student collections. Ca. 2500 specimens are backlogged, mostly from North America but also ca. 500 from Madagascar and many hundreds of bryophytes. Many specimens are unicates. Important holdings from abroad include the Democratic Republic of the Congo (T. M. Sperry), Peru (H. Tuomistso), Myrtaceae (H.S. MacKee and others from New Caledonia; Eugenia and Syzygium from Madagascar), Poaceae (worldwide), and 30 isotypes. Ca. 6300 bryophytes are data based on the Consortium of Bryophyte Herbaria (https://bryophyteportal.org) or this website. Ca. 40 percent of the specimens include phenological data; over 15 percent are vouchers for published research; and ca. 44 percent include geocoordinates. Student and volunteer curatorial assistance, as well as generous financial support from the National Science Foundation (CSBR 1756276), is gratefully acknowledged. Homepage: https://www.pittstate.edu/biology/the-sperry-herbarium.html </para>
            </abstract>
            <intellectualRights>
                    <para>This work is licensed under a <ulink url="http://creativecommons.org/licenses/by-nc/4.0/legalcode"><citetitle>Creative Commons Attribution Non Commercial (CC-BY-NC) 4.0 License</citetitle></ulink>.</para>
            </intellectualRights>
            <contact>
<organizationName>Pittsburg State University, Theodore M. Sperry Herbarium</organizationName><phone>620-235-4738</phone><electronicMailAddress>nsnow@pittstate.edu</electronicMailAddress><onlineUrl>http://www.pittstate.edu/department/herbarium/index.dot</onlineUrl>            </contact>

    </dataset>

    <additionalMetadata>
        <metadata>
            <gbif>
                <dateStamp>2024-03-21T22:41:23Z</dateStamp>
                <citation>Theodore  M. Sperry Herbarium (2023). Pittsburg State University, Theodore M. Sperry Herbarium. Occurrence dataset https://doi.org/10.15468/adstge accessed via GBIF.org on 2024-03-21.</citation>
            </gbif>
        </metadata>
    </additionalMetadata>

</eml:eml>
