<?xml version="1.0" encoding="utf-8"?>
<eml:eml xmlns:eml="eml://ecoinformatics.org/eml-2.1.1" xmlns:xsi="http://www.w3.org/2001/XMLSchema-instance"
         xsi:schemaLocation="eml://ecoinformatics.org/eml-2.1.1 http://rs.gbif.org/schema/eml-gbif-profile/1.2/eml.xsd"
packageId="b2d55172-8980-4195-9632-a186edb27d5a"  system="http://gbif.org" scope="system"
xml:lang="en">

    <dataset>
            <alternateIdentifier>10.15468/3y25yl</alternateIdentifier>
                <alternateIdentifier>https://cch2.org/portal/collections/misc/collprofiles.php?collid=19</alternateIdentifier>
                <alternateIdentifier>http://www.cch2.org/portal/collections/misc/collprofiles.php?collid=19</alternateIdentifier>
                <alternateIdentifier>http://cch2.org/portal/collections/misc/collprofiles.php?collid=19</alternateIdentifier>
                <alternateIdentifier>http://symbiota7.acis.ufl.edu/cch2/portal/collections/misc/collprofiles.php?collid=19</alternateIdentifier>
        <title>LOB - California State University, Long Beach Herbarium</title>
            <creator>
<organizationName>CCH2 Portal</organizationName><electronicMailAddress>jyost@calpoly.edu</electronicMailAddress><onlineUrl>https://cch2.org/portal/index.php</onlineUrl>            </creator>
            <metadataProvider>
<organizationName>CCH2 Portal</organizationName><electronicMailAddress>jyost@calpoly.edu</electronicMailAddress><onlineUrl>https://cch2.org/portal/index.php</onlineUrl>            </metadataProvider>
            <associatedParty>
            <individualName>
                    <surName>Amanda Fisher</surName>
            </individualName>
<electronicMailAddress>Amanda.Fisher@csulb.edu</electronicMailAddress>            <role>CONTENT_PROVIDER</role>
            </associatedParty>
            <pubDate>
                2024-01-09
            </pubDate>
        <language>ENGLISH</language>
            <abstract>
                    <para>The herbarium has approximately 18,000 specimens preserved as dried, pressed specimens.</para>
            </abstract>
            <intellectualRights>
                    <para>This work is licensed under a <ulink url="http://creativecommons.org/licenses/by-nc/4.0/legalcode"><citetitle>Creative Commons Attribution Non Commercial (CC-BY-NC) 4.0 License</citetitle></ulink>.</para>
            </intellectualRights>
            <contact>
<organizationName>LOB - California State University, Long Beach Herbarium</organizationName><phone>(562)-985-4814</phone><electronicMailAddress>Amanda.Fisher@csulb.edu</electronicMailAddress><onlineUrl>http://web.csulb.edu/colleges/cnsm/collections/plants/</onlineUrl>            </contact>

    </dataset>

    <additionalMetadata>
        <metadata>
            <gbif>
                <dateStamp>2024-03-21T22:41:16Z</dateStamp>
                <citation>California State University, Long Beach (2024). LOB - California State University, Long Beach Herbarium. Occurrence dataset https://doi.org/10.15468/3y25yl accessed via GBIF.org on 2024-03-21.</citation>
            </gbif>
        </metadata>
    </additionalMetadata>

</eml:eml>
