<?xml version="1.0" encoding="utf-8"?>
<eml:eml xmlns:eml="eml://ecoinformatics.org/eml-2.1.1" xmlns:xsi="http://www.w3.org/2001/XMLSchema-instance"
         xsi:schemaLocation="eml://ecoinformatics.org/eml-2.1.1 http://rs.gbif.org/schema/eml-gbif-profile/1.2/eml.xsd"
packageId="b5cdf794-8fa4-4a85-8b26-755d087bf531"  system="http://gbif.org" scope="system"
xml:lang="en">

    <dataset>
            <alternateIdentifier>10.15468/nc6rxy</alternateIdentifier>
                <alternateIdentifier>http://doi.org/10.15468/nc6rxy</alternateIdentifier>
                <alternateIdentifier>http://collections.mnhn.fr/ipt/resource?r=mnhn-p</alternateIdentifier>
                <alternateIdentifier>http://collections.mnhn.fr/ipt/resource.do?r=mnhn-p</alternateIdentifier>
                <alternateIdentifier>b5cdf794-8fa4-4a85-8b26-755d087bf531</alternateIdentifier>
                <alternateIdentifier>13686</alternateIdentifier>
        <title>The vascular plants collection (P) at the Herbarium of the Muséum national d&apos;Histoire Naturelle (MNHN - Paris)</title>
            <creator>
            <individualName>
                    <surName>MNHN</surName>
            </individualName>
<organizationName>MNHN</organizationName><positionName>Provider</positionName>            </creator>
            <metadataProvider>
            <individualName>
<givenName>Simon</givenName>                    <surName>Chagnoux</surName>
            </individualName>
<organizationName>MNHN</organizationName><electronicMailAddress>gbifprovider@mnhn.fr</electronicMailAddress>            </metadataProvider>
            <associatedParty>
            <individualName>
<givenName>Serge</givenName>                    <surName>Muller</surName>
            </individualName>
            <address>
<country>FRANCE</country>            </address>
            <role>CONTENT_PROVIDER</role>
            </associatedParty>
            <associatedParty>
            <individualName>
<givenName>Marc</givenName>                    <surName>Jeanson</surName>
            </individualName>
            <address>
<country>FRANCE</country>            </address>
            <role>CONTENT_PROVIDER</role>
            </associatedParty>
            <pubDate>
                2024-03-20
            </pubDate>
        <language>FRENCH</language>
            <abstract>
                    <para>The French National Herbarium, estimated at 8 million
		preserved specimens from around the world,
		but particularly in France, Francophone Africa, New Caledonia,
		Madagascar, Southeast Asia, in French Guiana .
		It also has important collections in light of the history of botany:
		Tournefort, Jussieu, Lamarck, Adanson, and those of famous travelers
		as Bonpland, Michaud, Saint-Hilaire, Richard, D&amp;#39;Orbigny etc.
		The designation at CITES is FR 75A. It publishes Adansonia, a botanical
		periodical, and journals on
		the flora of New Caledonia, Madagascar and Comores, Cambodia, Laos and
		Vietnam, Cameroon, and Gabon.</para>
            </abstract>
                <keywordSet>
                        <keyword>Occurrence</keyword>
                        <keywordThesaurus>GBIF Dataset Type Vocabulary: http://rs.gbif.org/vocabulary/gbif/dataset_type.xml</keywordThesaurus>
                </keywordSet>
                <keywordSet>
                        <keyword>Specimen</keyword>
                        <keywordThesaurus>GBIF Dataset Subtype Vocabulary: http://rs.gbif.org/vocabulary/gbif/dataset_subtype.xml</keywordThesaurus>
                </keywordSet>
                <keywordSet>
                        <keyword>Types</keyword>
                        <keyword>Tracheophytes</keyword>
                        <keyword>Angiosperm</keyword>
                        <keyword>Taxonomy</keyword>
                        <keyword>Botany</keyword>
                        <keyword>Specimens</keyword>
                        <keyword>Plants</keyword>
                        <keyword>Vascular</keyword>
                        <keyword>Pteridophyta</keyword>
                        <keyword>Collections</keyword>
                        <keywordThesaurus>No keyword thesaurus designated</keywordThesaurus>
                </keywordSet>
            <intellectualRights>
                    <para>This work is licensed under a <ulink url="http://creativecommons.org/licenses/by/4.0/legalcode"><citetitle>Creative Commons Attribution (CC-BY) 4.0 License</citetitle></ulink>.</para>
            </intellectualRights>
            <maintenance>
                <description>
                    <para></para>
                </description>
                <maintenanceUpdateFrequency>unkown</maintenanceUpdateFrequency>
            </maintenance>
            <contact>
            <individualName>
<givenName>Marc</givenName>                    <surName>Pignal</surName>
            </individualName>
<organizationName>MNHN</organizationName><positionName>Correspondant</positionName>            </contact>

    </dataset>

    <additionalMetadata>
        <metadata>
            <gbif>
                <dateStamp>2024-03-21T22:40:54Z</dateStamp>
                <citation>MNHN, Chagnoux S (2024). The vascular plants collection (P) at the Herbarium of the Muséum national d&apos;Histoire Naturelle (MNHN - Paris). Version 69.355. MNHN - Museum national d&apos;Histoire naturelle. Occurrence dataset https://doi.org/10.15468/nc6rxy accessed via GBIF.org on 2024-03-21.</citation>
                    <bibliography>
                <citation identifier="https://doi.org/10.1038/sdata.2017.16">Le Bras, G., Pignal, M., Jeanson, M. L., Muller, S., Aupic, C., Carré, B., … Haevermans, T. (2017, February 14). The French Muséum national d’histoire naturelle vascular plant herbarium collection dataset. Scientific Data. Springer Nature. https://doi.org/10.1038/sdata.2017.16</citation>
                    </bibliography>
            </gbif>
        </metadata>
    </additionalMetadata>

</eml:eml>
