<?xml version="1.0" encoding="utf-8"?>
<eml:eml xmlns:eml="eml://ecoinformatics.org/eml-2.1.1" xmlns:xsi="http://www.w3.org/2001/XMLSchema-instance"
         xsi:schemaLocation="eml://ecoinformatics.org/eml-2.1.1 http://rs.gbif.org/schema/eml-gbif-profile/1.2/eml.xsd"
packageId="cb9beff3-a185-486f-975a-732251444158"  system="http://gbif.org" scope="system"
xml:lang="en">

    <dataset>
            <alternateIdentifier>10.15468/gyvkrn</alternateIdentifier>
                <alternateIdentifier>http://collections.mnhn.fr/ipt/resource?r=mpu</alternateIdentifier>
                <alternateIdentifier>http://collections.mnhn.fr/ipt/resource.do?r=mpu</alternateIdentifier>
                <alternateIdentifier>cb9beff3-a185-486f-975a-732251444158</alternateIdentifier>
                <alternateIdentifier>13688</alternateIdentifier>
        <title>Herbarium specimens of Université de Montpellier 2, Institut de Botanique (MPU))</title>
            <creator>
            <individualName>
                    <surName>MNHN</surName>
            </individualName>
<organizationName>MNHN</organizationName><positionName>Provider</positionName>            </creator>
            <metadataProvider>
            <individualName>
<givenName>Simon</givenName>                    <surName>Chagnoux</surName>
            </individualName>
<organizationName>MNHN</organizationName><electronicMailAddress>gbifprovider@mnhn.fr</electronicMailAddress>            </metadataProvider>
            <associatedParty>
            <individualName>
<givenName>Joël</givenName>                    <surName>Mathez</surName>
            </individualName>
            <role>CONTENT_PROVIDER</role>
            </associatedParty>
            <associatedParty>
            <individualName>
<givenName>Véronique</givenName>                    <surName>Bourgade</surName>
            </individualName>
            <role>CONTENT_PROVIDER</role>
            </associatedParty>
            <associatedParty>
            <individualName>
<givenName>Peter</givenName>                    <surName>Schafer</surName>
            </individualName>
            <role>CONTENT_PROVIDER</role>
            </associatedParty>
            <pubDate>
                2024-03-20
            </pubDate>
        <language>FRENCH</language>
            <abstract>
                    <para>The herbarium is estimated at about 4 million samples
		distributed in 15,000 packets. The quantity and quality is one of the
		largest French collections of dried plants.</para>
            </abstract>
                <keywordSet>
                        <keyword>Occurrence</keyword>
                        <keywordThesaurus>GBIF Dataset Type Vocabulary: http://rs.gbif.org/vocabulary/gbif/dataset_type.xml</keywordThesaurus>
                </keywordSet>
                <keywordSet>
                        <keyword>Specimen</keyword>
                        <keywordThesaurus>GBIF Dataset Subtype Vocabulary: http://rs.gbif.org/vocabulary/gbif/dataset_subtype.xml</keywordThesaurus>
                </keywordSet>
                <keywordSet>
                        <keyword>Taxonomy</keyword>
                        <keyword>Botany</keyword>
                        <keyword>Specimens</keyword>
                        <keyword>Plants</keyword>
                        <keyword>Collections</keyword>
                        <keywordThesaurus>No keyword thesaurus designated</keywordThesaurus>
                </keywordSet>
            <intellectualRights>
                    <para>This work is licensed under a <ulink url="http://creativecommons.org/licenses/by/4.0/legalcode"><citetitle>Creative Commons Attribution (CC-BY) 4.0 License</citetitle></ulink>.</para>
            </intellectualRights>
            <maintenance>
                <description>
                    <para></para>
                </description>
                <maintenanceUpdateFrequency>unkown</maintenanceUpdateFrequency>
            </maintenance>
            <contact>
            <individualName>
<givenName>Marc</givenName>                    <surName>Pignal</surName>
            </individualName>
<organizationName>Réseau des Herbiers de France</organizationName><positionName>Correspondant</positionName>            </contact>

    </dataset>

    <additionalMetadata>
        <metadata>
            <gbif>
                <dateStamp>2024-03-21T22:41:36Z</dateStamp>
                <citation>MNHN, Chagnoux S (2024). Herbarium specimens of Université de Montpellier 2, Institut de Botanique (MPU)). Version 71.354. Herbarium of Université de Montpellier 2, Institut de Botanique. Occurrence dataset https://doi.org/10.15468/gyvkrn accessed via GBIF.org on 2024-03-21.</citation>
            </gbif>
        </metadata>
    </additionalMetadata>

</eml:eml>
