<?xml version="1.0" encoding="utf-8"?>
<eml:eml xmlns:eml="eml://ecoinformatics.org/eml-2.1.1" xmlns:xsi="http://www.w3.org/2001/XMLSchema-instance"
         xsi:schemaLocation="eml://ecoinformatics.org/eml-2.1.1 http://rs.gbif.org/schema/eml-gbif-profile/1.2/eml.xsd"
packageId="d0963cee-1a29-47a2-b9bf-fb0e7690077c"  system="http://gbif.org" scope="system"
xml:lang="en">

    <dataset>
            <alternateIdentifier>10.15468/2aki0q</alternateIdentifier>
                <alternateIdentifier>https://ipt.sanbi.org.za/resource?r=brahms_online</alternateIdentifier>
                <alternateIdentifier>https://iptbeta.sanbi.org.za/resource?r=brahms_online</alternateIdentifier>
                <alternateIdentifier>http://ipt.sanbi.org.za/iptsanbi/resource?r=brahms_online</alternateIdentifier>
                <alternateIdentifier>d0963cee-1a29-47a2-b9bf-fb0e7690077c</alternateIdentifier>
                <alternateIdentifier>http://197.189.235.147:8080/iptsanbi/resource?r=brahms_online</alternateIdentifier>
        <title>Botanical Database of Southern Africa (BODATSA): Botanical Collections</title>
            <creator>
            <individualName>
<givenName>Fhatani</givenName>                    <surName>Ranwashe</surName>
            </individualName>
<organizationName>South African National Biodiversity Institute</organizationName><positionName>Data Information Specialist</positionName>            <address>
<deliveryPoint>Private Bag X7</deliveryPoint><city>Claremont</city><administrativeArea>Western Cape</administrativeArea><postalCode>7735</postalCode><country>SOUTH_AFRICA</country>            </address>
<phone>+27 21 799 8738</phone><electronicMailAddress>f.ramwashe@sanbi.org.za</electronicMailAddress><onlineUrl>http://www.sanbi.org</onlineUrl>            </creator>
            <metadataProvider>
            <individualName>
<givenName>Fhatani</givenName>                    <surName>Ranwashe</surName>
            </individualName>
<organizationName>South African National Biodiversity Institute</organizationName><positionName>Data Information Specialist</positionName>            <address>
<deliveryPoint>Private Bag X7</deliveryPoint><city>Claremont</city><administrativeArea>Western Cape</administrativeArea><postalCode>7735</postalCode><country>SOUTH_AFRICA</country>            </address>
<phone>+27 21 799 8738</phone><electronicMailAddress>f.ramwashe@sanbi.org.za</electronicMailAddress><onlineUrl>http://www.sanbi.org</onlineUrl>            </metadataProvider>
            <associatedParty>
            <individualName>
<givenName>Fhatani</givenName>                    <surName>Ranwashe</surName>
            </individualName>
<electronicMailAddress>f.ramwashe@sanbi.org.za</electronicMailAddress>            <role>USER</role>
            </associatedParty>
            <pubDate>
                2024-02-21
            </pubDate>
        <language>ENGLISH</language>
            <abstract>
                    <para>Botanical Database of Southern Africa (BODATSA) is a database that contains the official plant name data records. The data collected covers observational data, species checklists, specimen information, species description, literature, and collector information from three SANBI herbaria and two botanical garden herbaria for analysis of southern African plants. This is to maintain the most current scientifically accurate assessments of southern African plants.</para>
            </abstract>
                <keywordSet>
                        <keyword>Occurrence</keyword>
                        <keywordThesaurus>GBIF Dataset Type Vocabulary: http://rs.gbif.org/vocabulary/gbif/dataset_type.xml</keywordThesaurus>
                </keywordSet>
                <keywordSet>
                        <keyword>Observation</keyword>
                        <keywordThesaurus>GBIF Dataset Subtype Vocabulary: http://rs.gbif.org/vocabulary/gbif/dataset_subtype.xml</keywordThesaurus>
                </keywordSet>
                <keywordSet>
                        <keyword>Occurrence</keyword>
                        <keywordThesaurus>GBIF Dataset Type Vocabulary: http://rs.gbif.org/vocabulary/gbif/dataset_type_2015-07-10.xml</keywordThesaurus>
                </keywordSet>
            <intellectualRights>
                    <para>This work is licensed under a <ulink url="http://creativecommons.org/licenses/by/4.0/legalcode"><citetitle>Creative Commons Attribution (CC-BY) 4.0 License</citetitle></ulink>.</para>
            </intellectualRights>
            <maintenance>
                <description>
                    <para></para>
                </description>
                <maintenanceUpdateFrequency>unkown</maintenanceUpdateFrequency>
            </maintenance>
            <contact>
            <individualName>
<givenName>Fhatani</givenName>                    <surName>Ranwashe</surName>
            </individualName>
<organizationName>South African National Biodiversity Institute</organizationName><positionName>Data Information Specialist</positionName>            <address>
<deliveryPoint>Private Bag X7</deliveryPoint><city>Claremont</city><administrativeArea>Western Cape</administrativeArea><postalCode>7735</postalCode><country>SOUTH_AFRICA</country>            </address>
<phone>+27 21 799 8738</phone><electronicMailAddress>f.ramwashe@sanbi.org.za</electronicMailAddress><onlineUrl>http://www.sanbi.org</onlineUrl>            </contact>

    </dataset>

    <additionalMetadata>
        <metadata>
            <gbif>
                <dateStamp>2024-03-21T22:41:06Z</dateStamp>
                <citation>Ranwashe F (2024). Botanical Database of Southern Africa (BODATSA): Botanical Collections. Version 1.23. South African National Biodiversity Institute. Occurrence dataset https://doi.org/10.15468/2aki0q accessed via GBIF.org on 2024-03-21.</citation>
                    <resourceLogoUrl>http://ipt.sanbi.org.za/iptsanbi/logo.do?r=brahms_online</resourceLogoUrl>
            </gbif>
        </metadata>
    </additionalMetadata>

</eml:eml>
