<?xml version="1.0" encoding="utf-8"?>
<eml:eml xmlns:eml="eml://ecoinformatics.org/eml-2.1.1" xmlns:xsi="http://www.w3.org/2001/XMLSchema-instance"
         xsi:schemaLocation="eml://ecoinformatics.org/eml-2.1.1 http://rs.gbif.org/schema/eml-gbif-profile/1.2/eml.xsd"
packageId="dd31ac22-63d4-4bb4-a987-5eece5ffadb8"  system="http://gbif.org" scope="system"
xml:lang="pt">

    <dataset>
            <alternateIdentifier>10.15468/sfdea2</alternateIdentifier>
                <alternateIdentifier>dd31ac22-63d4-4bb4-a987-5eece5ffadb8</alternateIdentifier>
                <alternateIdentifier>http://ipt1.cria.org.br/ipt/resource?r=hcf</alternateIdentifier>
        <title>HCF - Herbário da Universidade Tecnológica Federal do Paraná Campus Campo Mourão</title>
            <creator>
            <individualName>
<givenName>Marcelo</givenName>                    <surName>Galeazzi Caxambu</surName>
            </individualName>
<organizationName>Universidade Tecnológica Federal do Paraná Campus Campo Mourão (UTFPR)</organizationName><positionName>Curador</positionName>            <address>
<deliveryPoint>Herbário da Universidade Tecnológica Federal do Paraná Campus Campo Mourão - Bloco E; Via Rosalina Maria dos Santos nº 1233 - Área Urbanizada; Caixa Postal 271</deliveryPoint><city>Campo Mourão</city><administrativeArea>Paraná</administrativeArea><postalCode>87301-899</postalCode><country>BRAZIL</country>            </address>
<phone>+55 44 3518-1436</phone><electronicMailAddress>mgcaxambu@yahoo.com.br</electronicMailAddress><onlineUrl>http://splink.cria.org.br/manager/detail?resource=HCF</onlineUrl>            </creator>
            <metadataProvider>
            <individualName>
<givenName>Marcelo</givenName>                    <surName>Galeazzi Caxambu</surName>
            </individualName>
<organizationName>Universidade Tecnológica Federal do Paraná Campus Campo Mourão (UTFPR)</organizationName><positionName>Curador</positionName>            <address>
<deliveryPoint>Herbário da Universidade Tecnológica Federal do Paraná Campus Campo Mourão - Bloco E; Via Rosalina Maria dos Santos nº 1233 - Área Urbanizada; Caixa Postal 271</deliveryPoint><city>Campo Mourão</city><administrativeArea>Paraná</administrativeArea><postalCode>87301-899</postalCode><country>BRAZIL</country>            </address>
<phone>+55 44 3518-1436</phone><electronicMailAddress>mgcaxambu@yahoo.com.br</electronicMailAddress><onlineUrl>http://splink.cria.org.br/manager/detail?resource=HCF</onlineUrl>            </metadataProvider>
            <associatedParty>
            <individualName>
                    <surName>speciesLink Network</surName>
            </individualName>
<organizationName>Centro de Referência em Informação Ambiental, CRIA</organizationName><positionName>Network</positionName>            <address>
<deliveryPoint>Av. Dr. Romeu Tórtima, 388</deliveryPoint><city>Campinas</city><administrativeArea>São Paulo</administrativeArea><postalCode>13084-791</postalCode><country>BRAZIL</country>            </address>
<phone>+55 19 3288-0466</phone><electronicMailAddress>splink@cria.org.br</electronicMailAddress><onlineUrl>http://splink.cria.org.br</onlineUrl>            <role>CUSTODIAN_STEWARD</role>
            </associatedParty>
            <pubDate>
                2024-03-10
            </pubDate>
        <language>PORTUGUESE</language>
            <abstract>
                    <para>O herbário HCF foi fundado no ano de 2000 e foi a primeira coleção biológica a ser criada nos 13 campus na UTFPR. Até 2003 ficou estacionado em cerca de 500 amostras. A partir de 2003, com o apoio da direção do campus, começaram as coletas de maneira regular pelo estado do Paraná e outros estados brasileiros. Atualmente encontra-se diretamente vinculado à Direção Geral do Campus Campo Mourão da Universidade Tecnológica Federal do Paraná. Atende pesquisadores e alunos do Curso de Engenharia Ambiental da UTFPR e pesquisadores e alunos de outras instituições. Possui programas de permuta e empréstimo de material botânico para outras 32 instituições nacionais. Desde 2008 está cadastrado no Index Herbariorum. Tem atuado em parceria com o Instituto Ambiental do Paraná (IAP) no levantamento da flora das Unidades de Conservação regionais e em pareceres técnicos para subsidiar a conservação dos ecossistemas regionais, através do embasamento para criação de novas unidades de conservação e laudos para subsidiar autos de infração em crimes ambientais cometidos contra a flora, atendendo a demandas da Polícia Militar Ambiental e do Ministério Público Estadual do Paraná. O herbário conta com ampla amostragem do notório cerrado de Campo Mourão, do Parque Nacional do Iguaçu e das Unidades de Conservação regionais, municipais e estaduais.</para>
            </abstract>
                <keywordSet>
                        <keyword>Occurrence</keyword>
                        <keywordThesaurus>GBIF Dataset Type Vocabulary: http://rs.gbif.org/vocabulary/gbif/dataset_type.xml</keywordThesaurus>
                </keywordSet>
                <keywordSet>
                        <keyword>Specimen</keyword>
                        <keywordThesaurus>GBIF Dataset Subtype Vocabulary: http://rs.gbif.org/vocabulary/gbif/dataset_subtype.xml</keywordThesaurus>
                </keywordSet>
                <keywordSet>
                        <keyword>Occurrence</keyword>
                        <keywordThesaurus>GBIF Dataset Type Vocabulary: http://rs.gbif.org/vocabulary/gbif/dataset_type_2015-07-10.xml</keywordThesaurus>
                </keywordSet>
            <intellectualRights>
                    <para>This work is licensed under a <ulink url="http://creativecommons.org/licenses/by-nc/4.0/legalcode"><citetitle>Creative Commons Attribution Non Commercial (CC-BY-NC) 4.0 License</citetitle></ulink>.</para>
            </intellectualRights>
            <distribution scope="document">
                <online>
                    <url function="information">http://splink.cria.org.br/manager/detail?resource=HCF</url>
                </online>
            </distribution>
            <coverage>
                    <geographicCoverage>
                            <geographicDescription>Predominantemente Brasil</geographicDescription>
                            <boundingCoordinates>
                                <westBoundingCoordinate>-74</westBoundingCoordinate>
                                <eastBoundingCoordinate>-30</eastBoundingCoordinate>
                                <northBoundingCoordinate>5.27</northBoundingCoordinate>
                                <southBoundingCoordinate>-33.75</southBoundingCoordinate>
                            </boundingCoordinates>
                    </geographicCoverage>
                        <taxonomicCoverage>
                                <taxonomicClassification>
                                        <taxonRankName>Kingdom</taxonRankName>
                                    <taxonRankValue>Plantae</taxonRankValue>
                                </taxonomicClassification>
                        </taxonomicCoverage>
            </coverage>
            <maintenance>
                <description>
                    <para></para>
                </description>
                <maintenanceUpdateFrequency>monthly</maintenanceUpdateFrequency>
            </maintenance>
            <contact>
            <individualName>
<givenName>Marcelo</givenName>                    <surName>Galeazzi Caxambu</surName>
            </individualName>
<organizationName>Universidade Tecnológica Federal do Paraná Campus Campo Mourão (UTFPR)</organizationName><positionName>Curador</positionName>            <address>
<deliveryPoint>Herbário da Universidade Tecnológica Federal do Paraná Campus Campo Mourão - Bloco E; Via Rosalina Maria dos Santos nº 1233 - Área Urbanizada; Caixa Postal 271</deliveryPoint><city>Campo Mourão</city><administrativeArea>Paraná</administrativeArea><postalCode>87301-899</postalCode><country>BRAZIL</country>            </address>
<phone>+55 44 3518-1436</phone><electronicMailAddress>mgcaxambu@yahoo.com.br</electronicMailAddress><onlineUrl>http://splink.cria.org.br/manager/detail?resource=HCF</onlineUrl>            </contact>
            <methods>
                    <methodStep>
                        <description>
                            <para></para>
                        </description>
                    </methodStep>
            </methods>

            <project >
                <title>INCT - Herbário Virtual da Flora e dos Fungos</title>
                    <personnel>
            <individualName>
<givenName>Leonor</givenName>                    <surName>Costa Maia</surName>
            </individualName>
            <role>DISTRIBUTOR</role>
                    </personnel>
                <abstract>
                    <para>O Instituto Nacional de Ciência e Tecnologia, INCT - Herbário Virtual da Flora e dos Fungos, financiado pelo Conselho Nacional de Desenvolvimento Científico e Tecnológico, CNPq, visa prover à sociedade, ao poder público e à comunidade científica infraestrutura de dados de acesso público e aberto integrando informações de acervos dos herbários do país e repatriando dados sobre coletas realizadas em solo brasileiro depositadas no exterior</para>
                </abstract>
                <funding>
                    <para>Conselho Nacional de Desenvolvimento Científico e Tecnológico, CNPq</para>
                </funding>
                    <studyAreaDescription>
                        <descriptor name="generic" citableClassificationSystem="false">
                            <descriptorValue>Ocorrência de espécies de plantas e fungos no Brasil</descriptorValue>
                        </descriptor>
                    </studyAreaDescription>
            </project>
    </dataset>

    <additionalMetadata>
        <metadata>
            <gbif>
                <dateStamp>2024-03-21T22:41:01Z</dateStamp>
                <citation identifier="  http://splink.cria.org.br/manager/detail?resource=HCF">Galeazzi Caxambu M (2024). HCF - Herbário da Universidade Tecnológica Federal do Paraná Campus Campo Mourão. Version 1.106. Universidade Tecnológica Federal do Paraná - Campus Campo Mourão. Occurrence dataset https://doi.org/10.15468/sfdea2 accessed via GBIF.org on 2024-03-21.</citation>
                    <resourceLogoUrl>http://ipt1.cria.org.br/ipt/logo.do?r=hcf</resourceLogoUrl>
            </gbif>
        </metadata>
    </additionalMetadata>

</eml:eml>
