<?xml version="1.0" encoding="utf-8"?>
<eml:eml xmlns:eml="eml://ecoinformatics.org/eml-2.1.1" xmlns:xsi="http://www.w3.org/2001/XMLSchema-instance"
         xsi:schemaLocation="eml://ecoinformatics.org/eml-2.1.1 http://rs.gbif.org/schema/eml-gbif-profile/1.2/eml.xsd"
packageId="ebed4456-76d2-408c-8467-fd66be066521"  system="http://gbif.org" scope="system"
xml:lang="pt">

    <dataset>
            <alternateIdentifier>10.15468/rvrsru</alternateIdentifier>
                <alternateIdentifier>https://ipt.jbrj.gov.br/reflora/resource?r=k_reflora</alternateIdentifier>
                <alternateIdentifier>ebed4456-76d2-408c-8467-fd66be066521</alternateIdentifier>
                <alternateIdentifier>http://ipt.jbrj.gov.br/reflora/resource?r=k_reflora</alternateIdentifier>
        <title>K herbarium - Royal Botanic Gardens, Kew - Amostras Brasileiras Repatriadas - Herbário Virtual REFLORA</title>
            <creator>
            <individualName>
<givenName>Alan</givenName>                    <surName>Paton</surName>
            </individualName>
<organizationName>Royal Botanic Gardens</organizationName><positionName>Head of Collections</positionName>            <address>
<city>London</city><country>UNITED_KINGDOM</country>            </address>
<electronicMailAddress>a.paton@kew.org</electronicMailAddress><onlineUrl>https://www.kew.org</onlineUrl>            </creator>
            <metadataProvider>
            <individualName>
<givenName>Brazilian Flora Group</givenName>                    <surName>Reflora</surName>
            </individualName>
<organizationName>Rio de Janeiro Botanical Garden</organizationName><positionName>Reflora coordinator</positionName>            <address>
<deliveryPoint>Rua Pacheco Leão 915</deliveryPoint><city>Rio de Janeiro</city><administrativeArea>RJ</administrativeArea><postalCode>22460-030</postalCode><country>BRAZIL</country>            </address>
<phone>+552132042082</phone><electronicMailAddress>reflora@jbrj.gov.br</electronicMailAddress>            </metadataProvider>
            <pubDate>
                2024-01-01
            </pubDate>
        <language>PORTUGUESE</language>
            <abstract>
                    <para>K herbarium - Royal Botanic Gardens, Kew - Amostras Brasileiras Repatriadas - Herbário Virtual REFLORA</para>
            </abstract>
                <keywordSet>
                        <keyword>Occurrence</keyword>
                        <keywordThesaurus>GBIF Dataset Type Vocabulary: http://rs.gbif.org/vocabulary/gbif/dataset_type.xml</keywordThesaurus>
                </keywordSet>
                <keywordSet>
                        <keyword>Specimen</keyword>
                        <keywordThesaurus>GBIF Dataset Subtype Vocabulary: http://rs.gbif.org/vocabulary/gbif/dataset_subtype.xml</keywordThesaurus>
                </keywordSet>
                <keywordSet>
                        <keyword>Occurrence</keyword>
                        <keywordThesaurus>GBIF Dataset Type Vocabulary: http://rs.gbif.org/vocabulary/gbif/dataset_type_2015-07-10.xml</keywordThesaurus>
                </keywordSet>
            <intellectualRights>
                    <para>This work is licensed under a <ulink url="http://creativecommons.org/licenses/by/4.0/legalcode"><citetitle>Creative Commons Attribution (CC-BY) 4.0 License</citetitle></ulink>.</para>
            </intellectualRights>
            <maintenance>
                <description>
                    <para></para>
                </description>
                <maintenanceUpdateFrequency>monthly</maintenanceUpdateFrequency>
            </maintenance>
            <contact>
            <individualName>
<givenName>Alan</givenName>                    <surName>Paton</surName>
            </individualName>
<organizationName>Royal Botanic Gardens</organizationName><positionName>Head of Collections</positionName>            <address>
<city>London</city><country>UNITED_KINGDOM</country>            </address>
<electronicMailAddress>a.paton@kew.org</electronicMailAddress><onlineUrl>https://www.kew.org</onlineUrl>            </contact>

    </dataset>

    <additionalMetadata>
        <metadata>
            <gbif>
                <dateStamp>2024-03-21T22:41:35Z</dateStamp>
                <citation>Paton A, Reflora B F G (2024). K herbarium - Royal Botanic Gardens, Kew - Amostras Brasileiras Repatriadas - Herbário Virtual REFLORA. Version 1.227. Instituto de Pesquisas Jardim Botanico do Rio de Janeiro. Occurrence dataset https://doi.org/10.15468/rvrsru accessed via GBIF.org on 2024-03-21.</citation>
                    <resourceLogoUrl>http://ipt.jbrj.gov.br/reflora/logo.do?r=k_reflora</resourceLogoUrl>
            </gbif>
        </metadata>
    </additionalMetadata>

</eml:eml>
